remainder__Age,remainder__City,remainder__County,remainder__State,remainder__Sex,remainder__Race / Ethnicity
30.0,0.0,0.0,0.0,0.0,0.0
35.0,1.0,1.0,1.0,1.0,0.0
40.0,2.0,2.0,2.0,1.0,0.0
20.0,3.0,3.0,3.0,1.0,1.0
25.0,4.0,4.0,4.0,1.0,2.0
30.0,5.0,5.0,5.0,1.0,1.0
30.0,6.0,6.0,6.0,1.0,3.0
30.0,7.0,7.0,2.0,1.0,1.0
40.0,8.0,8.0,1.0,1.0,4.0
35.0,9.0,9.0,7.0,1.0,1.0
25.0,10.0,10.0,8.0,1.0,4.0
45.0,2.0,2.0,2.0,0.0,5.0
25.0,11.0,11.0,7.0,1.0,3.0
26.0,12.0,12.0,9.0,0.0,4.0
50.0,11.0,11.0,7.0,1.0,0.0
42.0,13.0,13.0,9.0,1.0,5.0
25.0,14.0,14.0,3.0,0.0,5.0
42.0,15.0,15.0,10.0,1.0,1.0
40.0,16.0,16.0,11.0,1.0,4.0
50.0,17.0,17.0,12.0,0.0,6.0
45.0,18.0,18.0,2.0,1.0,3.0
60.0,19.0,19.0,13.0,1.0,0.0
22.0,20.0,20.0,9.0,1.0,5.0
50.0,21.0,21.0,7.0,1.0,0.0
2.0,22.0,22.0,10.0,1.0,4.0
50.0,21.0,21.0,7.0,1.0,4.0
0.0,9.0,9.0,7.0,0.0,4.0
40.0,23.0,23.0,3.0,1.0,5.0
50.0,24.0,22.0,10.0,1.0,5.0
40.0,25.0,24.0,7.0,0.0,0.0
35.0,7.0,15.0,10.0,0.0,3.0
25.0,11.0,11.0,7.0,1.0,1.0
19.0,26.0,25.0,2.0,1.0,1.0
21.0,27.0,26.0,3.0,1.0,1.0
20.0,1.0,1.0,1.0,1.0,4.0
1.0,28.0,15.0,10.0,1.0,0.0
0.0,29.0,27.0,2.0,1.0,4.0
30.0,30.0,28.0,3.0,0.0,0.0
60.0,2.0,2.0,2.0,0.0,4.0
55.0,2.0,2.0,2.0,1.0,1.0
25.0,31.0,25.0,14.0,1.0,3.0
65.0,32.0,15.0,10.0,1.0,3.0
26.0,33.0,29.0,5.0,1.0,5.0
17.0,34.0,30.0,5.0,1.0,1.0
45.0,35.0,31.0,3.0,1.0,5.0
18.0,36.0,32.0,11.0,1.0,0.0
45.0,11.0,11.0,7.0,1.0,5.0
45.0,37.0,33.0,15.0,1.0,5.0
50.0,37.0,33.0,15.0,1.0,5.0
30.0,38.0,34.0,16.0,0.0,0.0
23.0,39.0,35.0,17.0,0.0,7.0
40.0,21.0,21.0,7.0,0.0,8.0
25.0,40.0,36.0,10.0,1.0,3.0
0.0,41.0,37.0,17.0,0.0,4.0
27.0,42.0,5.0,5.0,1.0,4.0
35.0,37.0,33.0,15.0,1.0,0.0
30.0,43.0,38.0,18.0,2.0,4.0
30.0,44.0,24.0,7.0,1.0,9.0
19.0,0.0,0.0,0.0,1.0,4.0
50.0,19.0,19.0,13.0,0.0,0.0
16.0,45.0,5.0,5.0,0.0,10.0
19.0,46.0,29.0,5.0,1.0,5.0
20.0,17.0,17.0,12.0,0.0,0.0
30.0,21.0,21.0,7.0,1.0,0.0
30.0,44.0,24.0,7.0,1.0,5.0
50.0,47.0,39.0,2.0,1.0,3.0
9.0,48.0,40.0,17.0,1.0,4.0
30.0,49.0,41.0,0.0,1.0,0.0
26.0,50.0,42.0,5.0,0.0,1.0
40.0,32.0,15.0,10.0,0.0,5.0
25.0,51.0,43.0,10.0,1.0,3.0
30.0,37.0,33.0,15.0,1.0,3.0
18.0,52.0,44.0,19.0,2.0,4.0
25.0,53.0,45.0,16.0,1.0,0.0
35.0,32.0,15.0,10.0,1.0,5.0
20.0,54.0,46.0,2.0,1.0,5.0
20.0,19.0,19.0,13.0,1.0,0.0
30.0,26.0,25.0,2.0,0.0,5.0
45.0,44.0,24.0,7.0,1.0,5.0
50.0,32.0,15.0,10.0,1.0,1.0
30.0,55.0,16.0,11.0,1.0,11.0
40.0,56.0,47.0,1.0,1.0,3.0
20.0,57.0,48.0,20.0,0.0,12.0
19.0,19.0,19.0,13.0,1.0,0.0
16.0,58.0,5.0,5.0,1.0,4.0
25.0,32.0,15.0,10.0,1.0,3.0
48.0,59.0,49.0,21.0,1.0,12.0
50.0,37.0,33.0,15.0,1.0,5.0
36.0,5.0,5.0,5.0,1.0,1.0
45.0,60.0,50.0,16.0,0.0,4.0
25.0,61.0,51.0,22.0,1.0,4.0
30.0,41.0,52.0,17.0,0.0,0.0
40.0,62.0,6.0,1.0,1.0,5.0
0.0,32.0,15.0,10.0,0.0,4.0
11.0,45.0,5.0,5.0,0.0,1.0
25.0,63.0,5.0,5.0,1.0,1.0
35.0,64.0,2.0,2.0,1.0,13.0
35.0,21.0,21.0,7.0,1.0,5.0
23.0,63.0,5.0,5.0,1.0,1.0
50.0,65.0,53.0,10.0,0.0,5.0
20.0,5.0,5.0,5.0,0.0,4.0
30.0,66.0,51.0,22.0,1.0,0.0
18.0,11.0,5.0,5.0,1.0,4.0
26.0,67.0,54.0,2.0,1.0,1.0
45.0,68.0,15.0,10.0,1.0,1.0
55.0,44.0,24.0,7.0,1.0,5.0
40.0,69.0,55.0,23.0,1.0,3.0
50.0,70.0,56.0,12.0,1.0,4.0
27.0,1.0,1.0,1.0,1.0,4.0
68.0,71.0,57.0,24.0,1.0,0.0
40.0,72.0,58.0,3.0,0.0,3.0
60.0,19.0,19.0,13.0,1.0,5.0
28.0,73.0,15.0,10.0,0.0,3.0
25.0,74.0,59.0,18.0,0.0,4.0
35.0,11.0,11.0,7.0,1.0,3.0
30.0,75.0,60.0,5.0,1.0,5.0
25.0,13.0,61.0,25.0,1.0,4.0
20.0,76.0,36.0,10.0,1.0,3.0
22.0,77.0,62.0,26.0,1.0,2.0
28.0,5.0,5.0,5.0,0.0,1.0
18.0,76.0,36.0,10.0,1.0,3.0
40.0,56.0,47.0,1.0,1.0,0.0
20.0,17.0,17.0,12.0,1.0,3.0
60.0,19.0,19.0,13.0,1.0,0.0
40.0,14.0,14.0,3.0,0.0,14.0
16.0,44.0,24.0,7.0,2.0,4.0
27.0,12.0,12.0,9.0,1.0,4.0
45.0,17.0,17.0,12.0,1.0,7.0
50.0,37.0,33.0,15.0,1.0,0.0
35.0,21.0,21.0,7.0,1.0,0.0
29.0,5.0,5.0,5.0,1.0,1.0
33.0,78.0,63.0,3.0,0.0,0.0
25.0,13.0,61.0,25.0,1.0,5.0
40.0,9.0,9.0,7.0,1.0,3.0
55.0,22.0,22.0,10.0,0.0,1.0
17.0,9.0,9.0,7.0,1.0,0.0
30.0,66.0,51.0,22.0,1.0,0.0
18.0,9.0,9.0,7.0,2.0,4.0
25.0,5.0,5.0,5.0,1.0,1.0
19.0,19.0,19.0,13.0,0.0,5.0
20.0,79.0,64.0,3.0,1.0,5.0
38.0,80.0,6.0,1.0,1.0,3.0
50.0,66.0,51.0,22.0,1.0,15.0
50.0,44.0,24.0,7.0,1.0,0.0
0.0,81.0,65.0,27.0,0.0,0.0
18.0,66.0,51.0,22.0,1.0,5.0
45.0,9.0,9.0,7.0,1.0,3.0
40.0,21.0,21.0,7.0,1.0,0.0
55.0,44.0,24.0,7.0,1.0,1.0
18.0,82.0,1.0,1.0,1.0,4.0
20.0,42.0,5.0,5.0,0.0,1.0
40.0,83.0,66.0,3.0,1.0,0.0
18.0,84.0,67.0,28.0,0.0,4.0
18.0,85.0,68.0,18.0,1.0,4.0
35.0,86.0,69.0,3.0,1.0,5.0
35.0,66.0,51.0,22.0,0.0,0.0
25.0,87.0,70.0,17.0,1.0,14.0
28.0,22.0,22.0,10.0,1.0,5.0
18.0,88.0,61.0,25.0,1.0,4.0
25.0,89.0,22.0,10.0,1.0,1.0
23.0,90.0,71.0,9.0,1.0,2.0
37.0,91.0,72.0,29.0,1.0,4.0
36.0,92.0,73.0,2.0,1.0,5.0
20.0,14.0,14.0,3.0,1.0,4.0
20.0,66.0,51.0,22.0,1.0,0.0
50.0,21.0,21.0,7.0,0.0,0.0
18.0,76.0,36.0,10.0,1.0,3.0
30.0,19.0,19.0,13.0,0.0,0.0
20.0,93.0,74.0,10.0,1.0,3.0
31.0,56.0,47.0,1.0,1.0,0.0
35.0,37.0,33.0,15.0,1.0,0.0
25.0,94.0,75.0,30.0,1.0,5.0
35.0,95.0,11.0,7.0,1.0,1.0
18.0,96.0,76.0,17.0,1.0,3.0
25.0,97.0,77.0,7.0,1.0,5.0
55.0,44.0,24.0,7.0,1.0,5.0
30.0,19.0,19.0,13.0,0.0,0.0
40.0,32.0,15.0,10.0,0.0,1.0
25.0,98.0,8.0,1.0,1.0,1.0
30.0,33.0,29.0,5.0,1.0,3.0
40.0,99.0,78.0,1.0,1.0,10.0
35.0,9.0,9.0,7.0,1.0,0.0
50.0,32.0,15.0,10.0,1.0,0.0
40.0,34.0,30.0,5.0,1.0,1.0
30.0,66.0,51.0,22.0,1.0,0.0
29.0,100.0,79.0,7.0,1.0,0.0
0.0,37.0,33.0,15.0,0.0,5.0
18.0,14.0,14.0,3.0,1.0,0.0
20.0,101.0,80.0,3.0,1.0,3.0
25.0,21.0,21.0,7.0,1.0,4.0
30.0,2.0,2.0,2.0,1.0,5.0
35.0,19.0,19.0,13.0,0.0,0.0
40.0,13.0,61.0,25.0,1.0,2.0
55.0,102.0,15.0,10.0,1.0,1.0
25.0,103.0,81.0,1.0,1.0,5.0
14.0,19.0,19.0,13.0,1.0,0.0
20.0,104.0,82.0,25.0,1.0,10.0
60.0,105.0,83.0,31.0,1.0,0.0
18.0,106.0,5.0,5.0,2.0,4.0
20.0,21.0,21.0,7.0,1.0,0.0
40.0,92.0,73.0,2.0,1.0,4.0
20.0,46.0,29.0,5.0,1.0,1.0
45.0,44.0,24.0,7.0,1.0,16.0
28.0,5.0,5.0,5.0,1.0,1.0
40.0,22.0,22.0,10.0,1.0,1.0
20.0,23.0,84.0,10.0,1.0,4.0
30.0,107.0,85.0,12.0,0.0,17.0
25.0,108.0,40.0,17.0,0.0,0.0
30.0,8.0,8.0,1.0,1.0,1.0
35.0,4.0,4.0,4.0,1.0,4.0
18.0,109.0,86.0,32.0,1.0,0.0
32.0,82.0,83.0,32.0,0.0,10.0
18.0,110.0,87.0,1.0,1.0,4.0
32.0,32.0,15.0,10.0,1.0,1.0
30.0,14.0,14.0,3.0,0.0,0.0
45.0,37.0,33.0,15.0,1.0,5.0
35.0,111.0,88.0,22.0,1.0,5.0
33.0,112.0,89.0,20.0,1.0,4.0
27.0,113.0,80.0,10.0,1.0,5.0
25.0,25.0,24.0,7.0,1.0,0.0
18.0,36.0,32.0,11.0,1.0,3.0
50.0,95.0,11.0,7.0,1.0,13.0
35.0,52.0,15.0,10.0,1.0,4.0
35.0,56.0,47.0,1.0,1.0,0.0
30.0,114.0,57.0,24.0,1.0,3.0
20.0,7.0,7.0,2.0,1.0,1.0
40.0,41.0,52.0,17.0,1.0,4.0
30.0,115.0,90.0,23.0,1.0,4.0
30.0,116.0,91.0,4.0,1.0,4.0
50.0,117.0,92.0,10.0,1.0,5.0
40.0,44.0,24.0,7.0,1.0,0.0
19.0,118.0,93.0,13.0,1.0,0.0
55.0,44.0,24.0,7.0,0.0,0.0
45.0,21.0,21.0,7.0,1.0,5.0
40.0,119.0,94.0,2.0,1.0,5.0
40.0,120.0,32.0,33.0,1.0,4.0
60.0,32.0,15.0,10.0,0.0,0.0
0.0,121.0,95.0,27.0,0.0,4.0
25.0,21.0,21.0,7.0,1.0,13.0
40.0,21.0,21.0,7.0,0.0,5.0
18.0,110.0,87.0,1.0,1.0,4.0
18.0,44.0,24.0,7.0,0.0,4.0
15.0,76.0,36.0,10.0,0.0,3.0
0.0,122.0,96.0,33.0,0.0,5.0
25.0,27.0,26.0,3.0,1.0,5.0
25.0,54.0,46.0,2.0,1.0,5.0
18.0,123.0,97.0,20.0,1.0,5.0
70.0,124.0,98.0,10.0,1.0,13.0
17.0,11.0,11.0,7.0,1.0,1.0
50.0,125.0,82.0,25.0,1.0,5.0
50.0,126.0,99.0,34.0,0.0,5.0
30.0,32.0,15.0,10.0,1.0,1.0
40.0,21.0,21.0,7.0,1.0,5.0
25.0,127.0,67.0,35.0,1.0,5.0
18.0,110.0,87.0,1.0,2.0,4.0
30.0,21.0,21.0,7.0,1.0,1.0
23.0,128.0,100.0,7.0,1.0,3.0
50.0,2.0,2.0,2.0,1.0,5.0
30.0,129.0,101.0,26.0,0.0,5.0
20.0,130.0,89.0,20.0,1.0,4.0
30.0,131.0,65.0,3.0,1.0,5.0
55.0,19.0,19.0,13.0,1.0,0.0
44.0,19.0,19.0,13.0,1.0,18.0
39.0,47.0,39.0,2.0,1.0,5.0
27.0,132.0,18.0,2.0,0.0,17.0
50.0,133.0,25.0,2.0,0.0,4.0
30.0,134.0,102.0,13.0,1.0,5.0
20.0,135.0,19.0,13.0,0.0,1.0
46.0,136.0,103.0,3.0,1.0,3.0
42.0,56.0,47.0,1.0,1.0,0.0
35.0,137.0,51.0,22.0,0.0,0.0
25.0,138.0,104.0,9.0,1.0,2.0
23.0,46.0,29.0,5.0,1.0,1.0
19.0,139.0,105.0,20.0,1.0,5.0
19.0,140.0,106.0,2.0,0.0,13.0
35.0,21.0,21.0,7.0,0.0,0.0
30.0,9.0,9.0,7.0,1.0,5.0
23.0,141.0,83.0,15.0,0.0,0.0
30.0,142.0,64.0,3.0,1.0,5.0
56.0,143.0,29.0,5.0,0.0,5.0
18.0,144.0,107.0,1.0,1.0,0.0
50.0,11.0,11.0,7.0,1.0,5.0
16.0,145.0,30.0,5.0,1.0,1.0
25.0,146.0,108.0,2.0,1.0,5.0
0.0,46.0,29.0,5.0,1.0,4.0
18.0,5.0,5.0,5.0,1.0,10.0
40.0,147.0,109.0,5.0,1.0,1.0
20.0,22.0,22.0,10.0,1.0,1.0
16.0,35.0,31.0,3.0,1.0,4.0
20.0,47.0,39.0,2.0,1.0,5.0
25.0,21.0,21.0,7.0,1.0,5.0
25.0,148.0,110.0,10.0,1.0,5.0
40.0,32.0,15.0,10.0,1.0,1.0
50.0,149.0,111.0,26.0,1.0,4.0
20.0,47.0,39.0,2.0,1.0,5.0
0.0,119.0,94.0,2.0,0.0,5.0
30.0,150.0,15.0,10.0,1.0,4.0
25.0,44.0,24.0,7.0,1.0,4.0
20.0,5.0,5.0,5.0,1.0,1.0
21.0,151.0,102.0,13.0,1.0,0.0
20.0,152.0,30.0,5.0,1.0,1.0
35.0,9.0,9.0,7.0,1.0,5.0
40.0,46.0,112.0,18.0,1.0,5.0
25.0,153.0,40.0,17.0,1.0,0.0
18.0,63.0,5.0,5.0,0.0,1.0
25.0,72.0,58.0,3.0,0.0,0.0
30.0,154.0,15.0,10.0,0.0,0.0
30.0,11.0,11.0,7.0,1.0,5.0
25.0,44.0,24.0,7.0,1.0,0.0
35.0,127.0,113.0,36.0,1.0,7.0
26.0,92.0,73.0,2.0,1.0,3.0
45.0,21.0,21.0,7.0,1.0,5.0
50.0,19.0,19.0,13.0,1.0,5.0
55.0,21.0,21.0,7.0,1.0,5.0
64.0,56.0,47.0,1.0,1.0,0.0
21.0,155.0,114.0,37.0,1.0,1.0
30.0,14.0,14.0,3.0,0.0,5.0
14.0,46.0,29.0,5.0,1.0,1.0
50.0,156.0,115.0,2.0,1.0,1.0
25.0,157.0,116.0,9.0,1.0,3.0
25.0,22.0,22.0,10.0,0.0,0.0
45.0,21.0,21.0,7.0,1.0,1.0
18.0,18.0,18.0,2.0,1.0,3.0
40.0,158.0,117.0,3.0,1.0,5.0
40.0,2.0,2.0,2.0,1.0,13.0
21.0,159.0,118.0,1.0,0.0,4.0
18.0,129.0,101.0,26.0,1.0,0.0
35.0,160.0,6.0,1.0,0.0,5.0
21.0,63.0,23.0,3.0,1.0,0.0
40.0,161.0,119.0,1.0,1.0,3.0
45.0,162.0,120.0,38.0,1.0,5.0
35.0,33.0,29.0,5.0,1.0,5.0
19.0,163.0,121.0,12.0,0.0,4.0
18.0,46.0,29.0,5.0,1.0,5.0
25.0,10.0,10.0,8.0,1.0,0.0
16.0,164.0,122.0,24.0,1.0,4.0
30.0,21.0,21.0,7.0,1.0,0.0
40.0,101.0,80.0,3.0,1.0,3.0
30.0,165.0,123.0,10.0,0.0,8.0
18.0,166.0,124.0,7.0,1.0,0.0
21.0,66.0,51.0,22.0,1.0,5.0
18.0,46.0,29.0,5.0,1.0,3.0
25.0,167.0,15.0,10.0,1.0,19.0
16.0,9.0,9.0,7.0,1.0,3.0
21.0,63.0,5.0,5.0,1.0,1.0
16.0,1.0,1.0,1.0,1.0,4.0
42.0,32.0,15.0,10.0,1.0,5.0
20.0,22.0,22.0,10.0,0.0,1.0
40.0,33.0,29.0,5.0,1.0,5.0
20.0,5.0,5.0,5.0,1.0,1.0
25.0,76.0,36.0,10.0,1.0,3.0
50.0,168.0,15.0,10.0,0.0,5.0
20.0,127.0,113.0,36.0,1.0,13.0
35.0,76.0,36.0,10.0,1.0,3.0
35.0,50.0,42.0,5.0,0.0,1.0
19.0,169.0,125.0,1.0,2.0,4.0
25.0,59.0,64.0,3.0,1.0,5.0
30.0,66.0,51.0,22.0,0.0,0.0
40.0,11.0,11.0,7.0,1.0,0.0
30.0,170.0,126.0,10.0,1.0,1.0
20.0,171.0,127.0,5.0,1.0,20.0
50.0,168.0,15.0,10.0,0.0,20.0
20.0,172.0,30.0,5.0,1.0,19.0
25.0,37.0,33.0,15.0,1.0,0.0
38.0,173.0,86.0,16.0,1.0,5.0
25.0,101.0,80.0,3.0,1.0,0.0
50.0,66.0,51.0,22.0,1.0,0.0
40.0,127.0,113.0,36.0,0.0,0.0
20.0,5.0,5.0,5.0,1.0,1.0
20.0,21.0,21.0,7.0,0.0,1.0
35.0,19.0,19.0,13.0,1.0,4.0
35.0,5.0,5.0,5.0,1.0,1.0
40.0,44.0,24.0,7.0,0.0,0.0
34.0,174.0,5.0,5.0,0.0,1.0
30.0,33.0,29.0,5.0,1.0,10.0
60.0,19.0,19.0,13.0,1.0,5.0
61.0,37.0,33.0,15.0,1.0,5.0
32.0,68.0,15.0,10.0,1.0,3.0
30.0,118.0,128.0,22.0,1.0,5.0
20.0,22.0,22.0,10.0,1.0,4.0
20.0,40.0,36.0,10.0,1.0,2.0
50.0,32.0,15.0,10.0,1.0,3.0
20.0,21.0,21.0,7.0,1.0,4.0
30.0,17.0,17.0,12.0,1.0,0.0
26.0,175.0,129.0,24.0,1.0,4.0
53.0,2.0,2.0,2.0,1.0,3.0
50.0,148.0,110.0,10.0,0.0,5.0
18.0,129.0,101.0,26.0,1.0,4.0
30.0,45.0,5.0,5.0,0.0,1.0
18.0,13.0,61.0,25.0,0.0,13.0
36.0,5.0,5.0,5.0,1.0,1.0
35.0,78.0,63.0,3.0,0.0,0.0
55.0,44.0,24.0,7.0,0.0,5.0
50.0,17.0,17.0,12.0,1.0,5.0
0.0,176.0,130.0,33.0,0.0,5.0
47.0,177.0,119.0,1.0,1.0,4.0
40.0,44.0,24.0,7.0,1.0,0.0
40.0,148.0,110.0,10.0,1.0,0.0
80.0,71.0,57.0,24.0,0.0,5.0
50.0,73.0,15.0,10.0,1.0,1.0
40.0,178.0,131.0,23.0,0.0,1.0
16.0,34.0,30.0,5.0,1.0,1.0
35.0,0.0,132.0,11.0,1.0,8.0
60.0,9.0,9.0,7.0,0.0,0.0
50.0,42.0,133.0,10.0,1.0,5.0
30.0,21.0,21.0,7.0,1.0,5.0
25.0,5.0,5.0,5.0,1.0,1.0
17.0,44.0,24.0,7.0,0.0,0.0
20.0,13.0,61.0,25.0,2.0,4.0
35.0,21.0,21.0,7.0,1.0,0.0
9.0,179.0,95.0,27.0,0.0,4.0
20.0,180.0,134.0,13.0,2.0,5.0
30.0,40.0,65.0,3.0,1.0,0.0
30.0,44.0,24.0,7.0,1.0,1.0
28.0,32.0,15.0,10.0,1.0,3.0
20.0,36.0,32.0,11.0,1.0,3.0
68.0,181.0,135.0,9.0,1.0,13.0
20.0,45.0,5.0,5.0,1.0,1.0
35.0,66.0,51.0,22.0,0.0,21.0
20.0,22.0,22.0,10.0,1.0,1.0
60.0,32.0,15.0,10.0,0.0,3.0
60.0,182.0,61.0,25.0,1.0,5.0
15.0,183.0,102.0,13.0,1.0,0.0
40.0,37.0,33.0,15.0,1.0,0.0
35.0,2.0,2.0,2.0,1.0,5.0
40.0,184.0,102.0,13.0,1.0,10.0
20.0,25.0,24.0,7.0,1.0,22.0
30.0,44.0,24.0,7.0,1.0,4.0
15.0,5.0,5.0,5.0,1.0,1.0
60.0,17.0,17.0,12.0,1.0,0.0
35.0,36.0,32.0,11.0,1.0,4.0
36.0,185.0,86.0,37.0,1.0,4.0
25.0,11.0,11.0,7.0,1.0,3.0
30.0,32.0,15.0,10.0,1.0,4.0
50.0,186.0,136.0,7.0,1.0,3.0
25.0,5.0,5.0,5.0,1.0,1.0
35.0,76.0,36.0,10.0,1.0,3.0
45.0,2.0,2.0,2.0,1.0,0.0
0.0,159.0,39.0,2.0,0.0,5.0
35.0,32.0,15.0,10.0,1.0,1.0
35.0,21.0,21.0,7.0,1.0,1.0
20.0,187.0,36.0,10.0,1.0,3.0
26.0,45.0,5.0,5.0,1.0,1.0
55.0,188.0,6.0,24.0,1.0,5.0
50.0,21.0,21.0,7.0,0.0,4.0
20.0,13.0,61.0,25.0,1.0,23.0
25.0,71.0,57.0,24.0,0.0,5.0
18.0,40.0,36.0,10.0,1.0,3.0
55.0,168.0,15.0,10.0,1.0,20.0
18.0,5.0,5.0,5.0,1.0,1.0
18.0,1.0,1.0,1.0,1.0,4.0
50.0,189.0,137.0,0.0,1.0,0.0
18.0,76.0,36.0,10.0,1.0,3.0
30.0,44.0,24.0,7.0,1.0,3.0
25.0,190.0,14.0,3.0,1.0,5.0
30.0,187.0,36.0,10.0,1.0,3.0
35.0,5.0,5.0,5.0,1.0,1.0
50.0,191.0,138.0,12.0,1.0,4.0
25.0,2.0,2.0,2.0,0.0,5.0
35.0,21.0,21.0,7.0,1.0,0.0
55.0,44.0,24.0,7.0,1.0,5.0
35.0,192.0,139.0,1.0,1.0,5.0
40.0,37.0,33.0,15.0,1.0,6.0
18.0,1.0,1.0,1.0,1.0,4.0
35.0,19.0,19.0,13.0,1.0,10.0
16.0,71.0,57.0,24.0,1.0,4.0
9.0,32.0,15.0,10.0,1.0,4.0
36.0,193.0,14.0,3.0,0.0,0.0
50.0,194.0,22.0,10.0,0.0,5.0
30.0,71.0,57.0,24.0,1.0,5.0
35.0,195.0,140.0,23.0,1.0,17.0
25.0,196.0,141.0,37.0,1.0,5.0
35.0,32.0,15.0,10.0,1.0,1.0
20.0,197.0,29.0,5.0,1.0,3.0
40.0,136.0,103.0,3.0,1.0,4.0
19.0,12.0,12.0,9.0,2.0,4.0
28.0,198.0,29.0,5.0,1.0,3.0
35.0,40.0,36.0,10.0,1.0,3.0
20.0,199.0,33.0,15.0,1.0,5.0
18.0,68.0,107.0,1.0,1.0,4.0
28.0,26.0,25.0,2.0,1.0,0.0
18.0,200.0,92.0,10.0,1.0,3.0
26.0,201.0,5.0,5.0,1.0,1.0
55.0,202.0,138.0,3.0,1.0,5.0
23.0,37.0,33.0,15.0,1.0,3.0
40.0,203.0,26.0,3.0,1.0,4.0
30.0,204.0,142.0,18.0,1.0,4.0
18.0,205.0,139.0,1.0,0.0,5.0
40.0,66.0,51.0,22.0,1.0,0.0
16.0,5.0,5.0,5.0,1.0,1.0
30.0,26.0,25.0,2.0,1.0,3.0
14.0,206.0,92.0,10.0,0.0,3.0
25.0,21.0,21.0,7.0,1.0,1.0
24.0,13.0,61.0,25.0,1.0,13.0
50.0,207.0,143.0,12.0,1.0,0.0
35.0,44.0,24.0,7.0,1.0,5.0
23.0,45.0,5.0,5.0,1.0,4.0
55.0,208.0,15.0,10.0,1.0,1.0
45.0,69.0,144.0,23.0,1.0,5.0
30.0,209.0,22.0,10.0,0.0,8.0
50.0,210.0,145.0,1.0,1.0,5.0
18.0,211.0,146.0,29.0,1.0,5.0
20.0,18.0,18.0,2.0,1.0,3.0
50.0,21.0,21.0,7.0,1.0,0.0
18.0,76.0,36.0,10.0,0.0,13.0
27.0,212.0,57.0,24.0,1.0,1.0
25.0,56.0,47.0,1.0,1.0,0.0
19.0,185.0,86.0,37.0,2.0,4.0
18.0,85.0,68.0,18.0,1.0,1.0
20.0,21.0,21.0,7.0,1.0,0.0
18.0,32.0,15.0,10.0,1.0,1.0
17.0,66.0,51.0,22.0,0.0,0.0
25.0,213.0,147.0,9.0,1.0,5.0
25.0,41.0,52.0,17.0,1.0,0.0
43.0,55.0,148.0,10.0,1.0,5.0
19.0,214.0,149.0,0.0,1.0,4.0
45.0,26.0,25.0,2.0,1.0,17.0
25.0,18.0,18.0,2.0,1.0,3.0
20.0,37.0,33.0,15.0,0.0,3.0
0.0,215.0,145.0,1.0,1.0,5.0
18.0,45.0,5.0,5.0,0.0,1.0
50.0,216.0,150.0,10.0,1.0,4.0
20.0,217.0,31.0,3.0,1.0,5.0
16.0,45.0,5.0,5.0,1.0,4.0
31.0,172.0,30.0,5.0,2.0,4.0
25.0,202.0,138.0,3.0,1.0,0.0
25.0,101.0,80.0,3.0,1.0,3.0
30.0,17.0,17.0,12.0,1.0,0.0
60.0,218.0,12.0,9.0,1.0,5.0
50.0,148.0,110.0,10.0,1.0,0.0
30.0,219.0,8.0,8.0,0.0,0.0
20.0,63.0,30.0,5.0,1.0,4.0
30.0,220.0,151.0,27.0,1.0,13.0
23.0,26.0,25.0,2.0,1.0,3.0
25.0,186.0,136.0,7.0,1.0,4.0
42.0,32.0,15.0,10.0,1.0,5.0
20.0,194.0,22.0,10.0,1.0,1.0
20.0,41.0,52.0,17.0,2.0,4.0
40.0,18.0,18.0,2.0,1.0,5.0
25.0,221.0,92.0,10.0,1.0,3.0
40.0,69.0,144.0,23.0,1.0,5.0
0.0,115.0,61.0,25.0,1.0,4.0
18.0,44.0,24.0,7.0,1.0,4.0
55.0,21.0,21.0,7.0,1.0,1.0
25.0,9.0,9.0,7.0,1.0,3.0
20.0,21.0,21.0,7.0,0.0,4.0
25.0,11.0,5.0,5.0,1.0,1.0
30.0,222.0,42.0,5.0,1.0,1.0
30.0,32.0,15.0,10.0,1.0,1.0
20.0,223.0,11.0,7.0,1.0,24.0
40.0,224.0,15.0,10.0,1.0,3.0
30.0,44.0,24.0,7.0,0.0,0.0
18.0,18.0,18.0,2.0,1.0,4.0
30.0,37.0,33.0,15.0,0.0,0.0
30.0,76.0,36.0,10.0,1.0,3.0
60.0,225.0,65.0,3.0,1.0,0.0
39.0,14.0,14.0,3.0,1.0,5.0
30.0,5.0,5.0,5.0,1.0,4.0
50.0,226.0,136.0,17.0,1.0,0.0
30.0,44.0,24.0,7.0,1.0,6.0
35.0,37.0,33.0,15.0,1.0,5.0
39.0,227.0,53.0,10.0,1.0,3.0
18.0,1.0,1.0,1.0,2.0,4.0
43.0,228.0,152.0,17.0,0.0,0.0
55.0,11.0,11.0,7.0,1.0,5.0
18.0,45.0,5.0,5.0,0.0,4.0
24.0,46.0,29.0,5.0,1.0,1.0
14.0,229.0,47.0,24.0,2.0,4.0
20.0,37.0,33.0,15.0,1.0,5.0
25.0,44.0,24.0,7.0,1.0,1.0
20.0,34.0,30.0,5.0,1.0,4.0
18.0,33.0,29.0,5.0,1.0,5.0
35.0,5.0,5.0,5.0,1.0,1.0
25.0,44.0,24.0,7.0,1.0,4.0
60.0,37.0,33.0,15.0,0.0,5.0
30.0,56.0,47.0,1.0,1.0,5.0
35.0,45.0,5.0,5.0,1.0,22.0
30.0,230.0,5.0,5.0,1.0,4.0
45.0,10.0,10.0,8.0,1.0,5.0
50.0,44.0,24.0,7.0,1.0,4.0
20.0,11.0,5.0,5.0,1.0,1.0
18.0,109.0,86.0,32.0,0.0,5.0
40.0,216.0,150.0,10.0,1.0,5.0
40.0,21.0,21.0,7.0,1.0,3.0
18.0,76.0,36.0,10.0,1.0,3.0
16.0,231.0,29.0,5.0,1.0,3.0
20.0,21.0,21.0,7.0,1.0,4.0
26.0,172.0,30.0,5.0,1.0,1.0
55.0,232.0,15.0,10.0,1.0,5.0
20.0,233.0,26.0,3.0,1.0,0.0
20.0,45.0,5.0,5.0,1.0,1.0
40.0,203.0,153.0,0.0,1.0,0.0
45.0,17.0,17.0,12.0,1.0,5.0
40.0,21.0,21.0,7.0,1.0,0.0
20.0,147.0,109.0,5.0,1.0,3.0
45.0,119.0,94.0,2.0,1.0,5.0
20.0,44.0,24.0,7.0,1.0,5.0
45.0,32.0,15.0,10.0,1.0,5.0
41.0,1.0,1.0,1.0,1.0,5.0
30.0,78.0,63.0,3.0,1.0,3.0
35.0,44.0,24.0,7.0,1.0,0.0
20.0,78.0,63.0,3.0,1.0,5.0
40.0,17.0,17.0,12.0,1.0,5.0
25.0,37.0,33.0,15.0,1.0,0.0
20.0,206.0,92.0,10.0,1.0,5.0
0.0,234.0,80.0,10.0,0.0,5.0
19.0,235.0,154.0,0.0,1.0,5.0
18.0,37.0,33.0,15.0,0.0,5.0
50.0,9.0,9.0,7.0,0.0,0.0
30.0,85.0,68.0,18.0,1.0,0.0
35.0,37.0,33.0,15.0,1.0,0.0
40.0,2.0,2.0,2.0,0.0,5.0
34.0,66.0,51.0,22.0,0.0,7.0
54.0,56.0,47.0,1.0,1.0,0.0
20.0,236.0,67.0,28.0,0.0,5.0
83.0,237.0,6.0,24.0,1.0,5.0
20.0,76.0,36.0,10.0,0.0,13.0
0.0,2.0,2.0,2.0,0.0,3.0
55.0,238.0,77.0,16.0,0.0,0.0
29.0,239.0,69.0,0.0,1.0,1.0
26.0,32.0,15.0,10.0,1.0,0.0
35.0,187.0,155.0,26.0,1.0,25.0
60.0,37.0,33.0,15.0,0.0,5.0
20.0,19.0,19.0,13.0,1.0,0.0
19.0,19.0,19.0,13.0,1.0,0.0
20.0,1.0,1.0,1.0,1.0,4.0
22.0,240.0,15.0,10.0,1.0,13.0
40.0,241.0,124.0,7.0,1.0,5.0
50.0,21.0,21.0,7.0,1.0,5.0
50.0,66.0,51.0,22.0,1.0,0.0
60.0,37.0,33.0,15.0,0.0,13.0
35.0,2.0,2.0,2.0,1.0,0.0
50.0,242.0,15.0,10.0,1.0,4.0
35.0,40.0,36.0,10.0,1.0,5.0
19.0,243.0,156.0,0.0,1.0,5.0
36.0,244.0,23.0,3.0,1.0,3.0
18.0,40.0,36.0,10.0,1.0,3.0
55.0,21.0,21.0,7.0,1.0,13.0
35.0,21.0,21.0,7.0,1.0,14.0
40.0,47.0,39.0,2.0,1.0,1.0
30.0,14.0,14.0,3.0,0.0,4.0
20.0,245.0,47.0,1.0,1.0,0.0
25.0,9.0,9.0,7.0,1.0,26.0
40.0,246.0,133.0,10.0,1.0,5.0
18.0,17.0,17.0,12.0,1.0,0.0
0.0,21.0,21.0,7.0,0.0,5.0
50.0,21.0,21.0,7.0,0.0,0.0
65.0,32.0,15.0,10.0,1.0,5.0
60.0,19.0,19.0,13.0,1.0,0.0
45.0,0.0,0.0,0.0,1.0,0.0
40.0,11.0,11.0,7.0,1.0,3.0
20.0,109.0,86.0,32.0,1.0,4.0
24.0,247.0,127.0,5.0,1.0,5.0
70.0,32.0,15.0,10.0,1.0,5.0
27.0,224.0,15.0,10.0,1.0,4.0
20.0,186.0,136.0,7.0,1.0,4.0
25.0,248.0,157.0,10.0,1.0,5.0
31.0,17.0,17.0,12.0,0.0,0.0
35.0,249.0,51.0,0.0,0.0,0.0
40.0,32.0,15.0,10.0,1.0,1.0
50.0,11.0,11.0,7.0,1.0,13.0
35.0,32.0,15.0,10.0,1.0,3.0
45.0,11.0,11.0,7.0,1.0,5.0
40.0,37.0,33.0,15.0,0.0,5.0
20.0,146.0,108.0,2.0,1.0,1.0
30.0,250.0,158.0,7.0,1.0,5.0
30.0,251.0,159.0,8.0,1.0,5.0
35.0,44.0,24.0,7.0,1.0,3.0
37.0,66.0,51.0,22.0,0.0,17.0
20.0,40.0,36.0,10.0,1.0,4.0
20.0,186.0,136.0,7.0,1.0,4.0
35.0,56.0,47.0,1.0,1.0,4.0
25.0,78.0,63.0,3.0,0.0,27.0
55.0,17.0,17.0,12.0,1.0,0.0
25.0,46.0,29.0,5.0,1.0,4.0
50.0,56.0,47.0,1.0,1.0,0.0
30.0,186.0,136.0,7.0,0.0,5.0
25.0,85.0,68.0,18.0,1.0,5.0
22.0,19.0,19.0,13.0,1.0,13.0
18.0,252.0,160.0,9.0,1.0,5.0
30.0,66.0,51.0,22.0,1.0,4.0
20.0,253.0,129.0,28.0,0.0,5.0
30.0,11.0,11.0,7.0,1.0,0.0
18.0,254.0,161.0,27.0,2.0,4.0
45.0,255.0,6.0,1.0,1.0,3.0
22.0,256.0,127.0,5.0,1.0,4.0
35.0,11.0,11.0,7.0,1.0,1.0
35.0,5.0,5.0,5.0,1.0,5.0
25.0,220.0,162.0,27.0,1.0,0.0
20.0,257.0,163.0,3.0,1.0,1.0
35.0,66.0,51.0,22.0,0.0,4.0
13.0,156.0,115.0,2.0,0.0,3.0
50.0,14.0,14.0,3.0,1.0,0.0
55.0,220.0,151.0,27.0,1.0,0.0
45.0,95.0,11.0,7.0,1.0,1.0
33.0,258.0,136.0,27.0,1.0,0.0
22.0,63.0,5.0,5.0,0.0,1.0
30.0,19.0,19.0,13.0,0.0,0.0
20.0,14.0,14.0,3.0,0.0,0.0
0.0,259.0,57.0,24.0,0.0,27.0
40.0,37.0,33.0,15.0,1.0,0.0
45.0,9.0,9.0,7.0,1.0,1.0
20.0,14.0,14.0,3.0,1.0,0.0
17.0,46.0,29.0,5.0,1.0,5.0
0.0,129.0,101.0,26.0,1.0,4.0
50.0,11.0,11.0,7.0,1.0,1.0
42.0,26.0,25.0,2.0,1.0,5.0
23.0,157.0,116.0,9.0,0.0,20.0
30.0,195.0,140.0,39.0,0.0,3.0
53.0,260.0,15.0,10.0,1.0,5.0
25.0,33.0,29.0,5.0,1.0,3.0
29.0,261.0,164.0,17.0,1.0,4.0
18.0,262.0,30.0,5.0,1.0,1.0
60.0,148.0,110.0,10.0,1.0,5.0
20.0,11.0,11.0,7.0,1.0,5.0
28.0,263.0,15.0,10.0,1.0,3.0
35.0,264.0,51.0,22.0,0.0,5.0
18.0,2.0,2.0,2.0,1.0,0.0
40.0,32.0,15.0,10.0,0.0,3.0
21.0,46.0,29.0,5.0,1.0,3.0
40.0,66.0,51.0,22.0,1.0,0.0
30.0,81.0,65.0,27.0,0.0,3.0
45.0,21.0,21.0,7.0,1.0,5.0
17.0,265.0,165.0,27.0,1.0,6.0
25.0,45.0,5.0,5.0,1.0,1.0
18.0,266.0,166.0,7.0,1.0,4.0
30.0,148.0,110.0,10.0,1.0,5.0
20.0,83.0,167.0,40.0,1.0,4.0
20.0,45.0,5.0,5.0,1.0,10.0
50.0,93.0,74.0,10.0,1.0,1.0
30.0,22.0,22.0,10.0,1.0,14.0
80.0,267.0,84.0,10.0,1.0,5.0
40.0,32.0,15.0,10.0,1.0,1.0
70.0,23.0,84.0,10.0,0.0,13.0
25.0,125.0,82.0,25.0,1.0,5.0
3.0,11.0,11.0,7.0,1.0,3.0
25.0,46.0,29.0,5.0,1.0,3.0
45.0,21.0,21.0,7.0,1.0,4.0
0.0,26.0,25.0,2.0,0.0,4.0
55.0,21.0,21.0,7.0,1.0,5.0
19.0,58.0,5.0,5.0,1.0,1.0
18.0,37.0,33.0,15.0,0.0,4.0
60.0,238.0,77.0,16.0,1.0,0.0
35.0,21.0,21.0,7.0,1.0,4.0
25.0,63.0,5.0,5.0,1.0,1.0
18.0,268.0,168.0,16.0,0.0,0.0
0.0,21.0,21.0,7.0,0.0,0.0
20.0,269.0,22.0,10.0,1.0,22.0
40.0,66.0,51.0,22.0,1.0,5.0
30.0,270.0,61.0,25.0,1.0,5.0
24.0,271.0,142.0,18.0,1.0,1.0
44.0,272.0,118.0,1.0,1.0,5.0
30.0,56.0,47.0,1.0,0.0,5.0
25.0,273.0,169.0,0.0,1.0,0.0
30.0,274.0,170.0,11.0,0.0,5.0
35.0,44.0,24.0,7.0,1.0,5.0
50.0,83.0,66.0,3.0,0.0,0.0
15.0,275.0,65.0,17.0,0.0,1.0
35.0,276.0,171.0,10.0,1.0,2.0
40.0,9.0,9.0,7.0,1.0,5.0
50.0,66.0,51.0,22.0,1.0,0.0
18.0,148.0,110.0,10.0,0.0,5.0
13.0,81.0,65.0,27.0,1.0,28.0
35.0,17.0,17.0,12.0,1.0,5.0
40.0,9.0,9.0,7.0,1.0,4.0
25.0,156.0,115.0,2.0,0.0,14.0
30.0,232.0,15.0,10.0,1.0,5.0
50.0,93.0,74.0,10.0,1.0,9.0
30.0,34.0,30.0,5.0,1.0,4.0
40.0,2.0,2.0,2.0,1.0,9.0
40.0,182.0,61.0,25.0,1.0,5.0
65.0,17.0,17.0,12.0,1.0,5.0
35.0,277.0,172.0,2.0,2.0,5.0
45.0,14.0,14.0,3.0,1.0,5.0
16.0,66.0,51.0,22.0,1.0,0.0
35.0,33.0,29.0,5.0,1.0,5.0
20.0,278.0,166.0,7.0,1.0,5.0
30.0,95.0,11.0,7.0,1.0,3.0
35.0,11.0,11.0,7.0,1.0,5.0
18.0,172.0,30.0,5.0,1.0,1.0
45.0,11.0,11.0,7.0,1.0,3.0
40.0,46.0,29.0,5.0,1.0,0.0
49.0,32.0,15.0,10.0,1.0,1.0
40.0,32.0,15.0,10.0,1.0,1.0
35.0,258.0,136.0,27.0,1.0,1.0
35.0,279.0,53.0,10.0,1.0,3.0
18.0,280.0,15.0,10.0,0.0,4.0
20.0,281.0,173.0,5.0,1.0,5.0
30.0,282.0,15.0,10.0,1.0,5.0
0.0,46.0,29.0,5.0,1.0,5.0
35.0,258.0,11.0,7.0,1.0,1.0
50.0,85.0,68.0,18.0,1.0,5.0
40.0,283.0,174.0,30.0,1.0,5.0
30.0,21.0,21.0,7.0,1.0,5.0
35.0,223.0,53.0,10.0,0.0,3.0
30.0,57.0,48.0,20.0,1.0,5.0
45.0,44.0,24.0,7.0,1.0,0.0
30.0,22.0,22.0,10.0,1.0,8.0
45.0,140.0,175.0,17.0,1.0,5.0
20.0,12.0,12.0,9.0,0.0,1.0
28.0,37.0,33.0,15.0,1.0,3.0
18.0,5.0,5.0,5.0,1.0,1.0
45.0,32.0,15.0,10.0,1.0,3.0
30.0,18.0,18.0,2.0,1.0,3.0
45.0,5.0,5.0,5.0,1.0,4.0
50.0,19.0,19.0,13.0,1.0,0.0
30.0,129.0,101.0,26.0,1.0,29.0
35.0,264.0,51.0,22.0,1.0,0.0
25.0,284.0,36.0,10.0,1.0,3.0
55.0,21.0,21.0,7.0,1.0,5.0
17.0,76.0,36.0,10.0,1.0,3.0
25.0,21.0,21.0,7.0,1.0,3.0
46.0,193.0,14.0,3.0,1.0,5.0
18.0,172.0,30.0,5.0,1.0,1.0
18.0,107.0,176.0,41.0,0.0,5.0
40.0,44.0,24.0,7.0,1.0,5.0
40.0,44.0,24.0,7.0,1.0,0.0
25.0,115.0,15.0,10.0,1.0,1.0
18.0,187.0,36.0,10.0,1.0,3.0
50.0,9.0,9.0,7.0,1.0,0.0
40.0,285.0,177.0,10.0,1.0,4.0
50.0,286.0,15.0,10.0,1.0,0.0
20.0,37.0,33.0,15.0,1.0,0.0
45.0,103.0,81.0,1.0,1.0,22.0
20.0,7.0,7.0,2.0,1.0,1.0
20.0,287.0,44.0,19.0,0.0,30.0
25.0,40.0,36.0,10.0,1.0,3.0
13.0,288.0,178.0,42.0,0.0,4.0
36.0,26.0,25.0,2.0,1.0,5.0
18.0,44.0,24.0,7.0,1.0,4.0
43.0,32.0,15.0,10.0,1.0,1.0
35.0,22.0,22.0,10.0,1.0,1.0
50.0,279.0,53.0,10.0,1.0,5.0
30.0,224.0,15.0,10.0,2.0,4.0
30.0,127.0,113.0,36.0,1.0,0.0
40.0,41.0,52.0,17.0,1.0,0.0
18.0,58.0,42.0,5.0,1.0,4.0
35.0,9.0,9.0,7.0,1.0,0.0
20.0,47.0,39.0,2.0,1.0,4.0
35.0,172.0,30.0,5.0,1.0,1.0
60.0,125.0,82.0,25.0,1.0,5.0
20.0,14.0,14.0,3.0,1.0,5.0
45.0,289.0,179.0,18.0,1.0,5.0
18.0,290.0,180.0,10.0,0.0,1.0
20.0,291.0,181.0,29.0,1.0,1.0
70.0,66.0,51.0,22.0,0.0,5.0
25.0,44.0,24.0,7.0,1.0,5.0
35.0,292.0,182.0,21.0,1.0,5.0
49.0,26.0,25.0,2.0,1.0,5.0
25.0,293.0,44.0,19.0,1.0,1.0
30.0,41.0,52.0,17.0,1.0,0.0
20.0,13.0,61.0,25.0,1.0,5.0
30.0,76.0,36.0,10.0,1.0,3.0
35.0,37.0,33.0,15.0,1.0,0.0
55.0,44.0,24.0,7.0,1.0,0.0
17.0,46.0,29.0,5.0,1.0,5.0
20.0,13.0,61.0,25.0,0.0,0.0
50.0,294.0,11.0,7.0,1.0,13.0
35.0,157.0,116.0,9.0,1.0,3.0
25.0,9.0,9.0,7.0,1.0,1.0
20.0,115.0,90.0,23.0,1.0,1.0
40.0,66.0,51.0,22.0,1.0,5.0
17.0,5.0,5.0,5.0,1.0,4.0
30.0,17.0,17.0,12.0,1.0,13.0
35.0,264.0,51.0,22.0,0.0,0.0
49.0,26.0,25.0,2.0,1.0,5.0
50.0,44.0,24.0,7.0,1.0,5.0
30.0,7.0,7.0,2.0,1.0,1.0
14.0,32.0,15.0,10.0,1.0,5.0
25.0,32.0,15.0,10.0,1.0,1.0
35.0,50.0,42.0,5.0,1.0,1.0
35.0,9.0,9.0,7.0,1.0,4.0
30.0,32.0,15.0,10.0,1.0,1.0
40.0,33.0,29.0,5.0,1.0,5.0
25.0,295.0,64.0,3.0,1.0,3.0
60.0,296.0,15.0,10.0,1.0,5.0
35.0,37.0,33.0,15.0,2.0,0.0
30.0,44.0,24.0,7.0,1.0,1.0
33.0,297.0,183.0,4.0,1.0,4.0
20.0,33.0,29.0,5.0,1.0,5.0
30.0,17.0,17.0,12.0,0.0,0.0
18.0,21.0,21.0,7.0,1.0,5.0
20.0,298.0,173.0,5.0,1.0,5.0
25.0,238.0,77.0,16.0,0.0,0.0
35.0,50.0,42.0,5.0,1.0,1.0
28.0,299.0,5.0,5.0,1.0,1.0
38.0,32.0,15.0,10.0,0.0,5.0
30.0,22.0,22.0,10.0,1.0,5.0
45.0,248.0,157.0,10.0,1.0,5.0
50.0,44.0,24.0,7.0,1.0,5.0
18.0,11.0,11.0,7.0,1.0,4.0
60.0,193.0,14.0,3.0,1.0,5.0
30.0,300.0,184.0,43.0,1.0,1.0
35.0,44.0,24.0,7.0,1.0,28.0
0.0,301.0,185.0,17.0,0.0,4.0
23.0,282.0,15.0,10.0,1.0,5.0
20.0,21.0,21.0,7.0,1.0,13.0
70.0,21.0,21.0,7.0,1.0,3.0
65.0,212.0,57.0,24.0,0.0,5.0
40.0,202.0,138.0,3.0,1.0,5.0
40.0,302.0,186.0,10.0,1.0,5.0
24.0,187.0,83.0,15.0,1.0,4.0
40.0,11.0,11.0,7.0,0.0,3.0
24.0,210.0,187.0,20.0,0.0,10.0
17.0,21.0,21.0,7.0,0.0,5.0
0.0,21.0,21.0,7.0,0.0,4.0
57.0,303.0,134.0,24.0,1.0,5.0
30.0,32.0,15.0,10.0,1.0,31.0
40.0,66.0,51.0,22.0,1.0,5.0
22.0,58.0,5.0,5.0,1.0,1.0
30.0,17.0,17.0,12.0,1.0,4.0
18.0,5.0,5.0,5.0,1.0,4.0
20.0,44.0,24.0,7.0,1.0,4.0
40.0,304.0,188.0,16.0,1.0,3.0
20.0,305.0,19.0,13.0,1.0,0.0
40.0,37.0,33.0,15.0,1.0,0.0
18.0,306.0,87.0,1.0,1.0,5.0
18.0,5.0,5.0,5.0,1.0,4.0
18.0,5.0,5.0,5.0,1.0,1.0
55.0,32.0,15.0,10.0,1.0,1.0
18.0,284.0,36.0,10.0,1.0,3.0
30.0,307.0,189.0,15.0,1.0,19.0
34.0,308.0,15.0,10.0,1.0,5.0
60.0,148.0,110.0,10.0,1.0,5.0
25.0,45.0,5.0,5.0,1.0,10.0
17.0,145.0,30.0,5.0,1.0,1.0
45.0,66.0,51.0,22.0,1.0,0.0
14.0,309.0,190.0,4.0,0.0,2.0
25.0,310.0,36.0,10.0,1.0,3.0
40.0,92.0,73.0,2.0,1.0,3.0
18.0,311.0,81.0,1.0,1.0,4.0
45.0,312.0,191.0,7.0,1.0,5.0
16.0,12.0,12.0,9.0,0.0,3.0
99.0,266.0,166.0,7.0,1.0,4.0
30.0,156.0,115.0,2.0,1.0,0.0
40.0,313.0,192.0,31.0,1.0,0.0
0.0,314.0,8.0,1.0,1.0,4.0
35.0,162.0,120.0,38.0,1.0,5.0
25.0,44.0,24.0,7.0,1.0,0.0
50.0,5.0,5.0,5.0,1.0,5.0
45.0,44.0,24.0,7.0,1.0,13.0
70.0,26.0,25.0,2.0,1.0,5.0
50.0,44.0,24.0,7.0,1.0,5.0
30.0,63.0,23.0,3.0,1.0,4.0
30.0,315.0,193.0,7.0,1.0,0.0
21.0,316.0,194.0,23.0,1.0,5.0
40.0,156.0,115.0,2.0,1.0,5.0
20.0,21.0,21.0,7.0,1.0,4.0
30.0,47.0,39.0,2.0,1.0,3.0
35.0,32.0,15.0,10.0,1.0,3.0
30.0,317.0,5.0,5.0,1.0,1.0
22.0,318.0,195.0,20.0,1.0,4.0
40.0,319.0,100.0,7.0,1.0,3.0
20.0,22.0,22.0,10.0,1.0,1.0
30.0,320.0,196.0,17.0,1.0,3.0
19.0,321.0,29.0,5.0,1.0,4.0
15.0,41.0,52.0,17.0,0.0,4.0
50.0,41.0,52.0,17.0,1.0,4.0
11.0,229.0,47.0,24.0,0.0,4.0
20.0,5.0,5.0,5.0,1.0,1.0
40.0,5.0,5.0,5.0,1.0,4.0
35.0,32.0,15.0,10.0,1.0,5.0
0.0,129.0,101.0,26.0,0.0,5.0
45.0,9.0,9.0,7.0,1.0,5.0
30.0,40.0,36.0,10.0,1.0,3.0
36.0,78.0,63.0,3.0,1.0,0.0
30.0,26.0,25.0,2.0,1.0,14.0
25.0,25.0,24.0,7.0,1.0,22.0
50.0,44.0,24.0,7.0,1.0,4.0
25.0,44.0,24.0,7.0,1.0,1.0
31.0,322.0,14.0,3.0,1.0,0.0
35.0,253.0,67.0,40.0,2.0,4.0
19.0,323.0,197.0,2.0,1.0,4.0
25.0,66.0,51.0,22.0,0.0,0.0
42.0,324.0,67.0,27.0,1.0,3.0
60.0,11.0,11.0,7.0,1.0,5.0
18.0,14.0,14.0,3.0,1.0,5.0
35.0,325.0,86.0,16.0,1.0,3.0
35.0,206.0,92.0,10.0,0.0,4.0
40.0,37.0,33.0,15.0,1.0,0.0
45.0,71.0,57.0,24.0,1.0,5.0
20.0,76.0,36.0,10.0,1.0,3.0
30.0,326.0,198.0,9.0,1.0,5.0
25.0,98.0,8.0,1.0,1.0,1.0
25.0,327.0,65.0,24.0,0.0,13.0
20.0,19.0,19.0,13.0,1.0,0.0
35.0,9.0,9.0,7.0,1.0,1.0
50.0,32.0,15.0,10.0,1.0,32.0
16.0,65.0,53.0,10.0,1.0,3.0
26.0,45.0,5.0,5.0,1.0,1.0
25.0,328.0,199.0,27.0,0.0,13.0
0.0,329.0,25.0,2.0,1.0,4.0
18.0,330.0,27.0,8.0,1.0,4.0
22.0,78.0,63.0,3.0,1.0,4.0
5.0,124.0,43.0,10.0,2.0,4.0
38.0,331.0,5.0,5.0,1.0,5.0
18.0,148.0,110.0,10.0,1.0,4.0
30.0,2.0,2.0,2.0,1.0,0.0
40.0,44.0,24.0,7.0,1.0,0.0
40.0,21.0,21.0,7.0,1.0,0.0
18.0,332.0,200.0,19.0,1.0,10.0
0.0,9.0,9.0,7.0,0.0,4.0
19.0,333.0,33.0,15.0,1.0,4.0
20.0,65.0,53.0,10.0,1.0,5.0
60.0,11.0,11.0,7.0,1.0,3.0
40.0,37.0,33.0,15.0,1.0,5.0
15.0,334.0,60.0,5.0,1.0,5.0
17.0,22.0,22.0,10.0,1.0,1.0
0.0,335.0,201.0,2.0,0.0,5.0
13.0,336.0,167.0,40.0,0.0,4.0
60.0,337.0,47.0,24.0,1.0,5.0
30.0,19.0,19.0,13.0,0.0,0.0
60.0,25.0,24.0,7.0,1.0,0.0
3.0,271.0,142.0,18.0,2.0,4.0
30.0,26.0,25.0,2.0,0.0,0.0
18.0,19.0,19.0,13.0,1.0,0.0
44.0,66.0,51.0,22.0,0.0,0.0
17.0,44.0,24.0,7.0,1.0,1.0
18.0,22.0,22.0,10.0,1.0,1.0
15.0,37.0,33.0,15.0,1.0,13.0
40.0,2.0,2.0,2.0,1.0,2.0
70.0,338.0,202.0,2.0,1.0,5.0
14.0,339.0,15.0,10.0,1.0,3.0
35.0,9.0,9.0,7.0,1.0,0.0
30.0,243.0,156.0,0.0,1.0,5.0
33.0,252.0,160.0,9.0,1.0,4.0
25.0,340.0,154.0,0.0,1.0,3.0
65.0,44.0,24.0,7.0,1.0,5.0
20.0,127.0,113.0,36.0,1.0,0.0
0.0,41.0,52.0,17.0,1.0,0.0
40.0,168.0,15.0,10.0,1.0,5.0
50.0,244.0,15.0,10.0,1.0,1.0
20.0,46.0,29.0,5.0,1.0,5.0
35.0,274.0,170.0,11.0,1.0,5.0
57.0,26.0,25.0,2.0,1.0,5.0
25.0,41.0,52.0,17.0,0.0,0.0
20.0,21.0,21.0,7.0,1.0,0.0
50.0,341.0,134.0,24.0,1.0,5.0
55.0,66.0,51.0,22.0,1.0,0.0
50.0,37.0,33.0,15.0,1.0,33.0
25.0,95.0,11.0,7.0,1.0,1.0
30.0,50.0,42.0,5.0,1.0,10.0
35.0,154.0,15.0,10.0,1.0,0.0
18.0,44.0,24.0,7.0,0.0,0.0
50.0,32.0,15.0,10.0,1.0,3.0
30.0,342.0,92.0,10.0,1.0,5.0
50.0,19.0,19.0,13.0,1.0,5.0
20.0,343.0,203.0,31.0,1.0,13.0
28.0,344.0,15.0,10.0,1.0,5.0
18.0,169.0,33.0,15.0,1.0,31.0
16.0,21.0,21.0,7.0,1.0,0.0
35.0,66.0,51.0,22.0,1.0,0.0
20.0,124.0,43.0,10.0,1.0,5.0
60.0,78.0,63.0,3.0,1.0,5.0
25.0,345.0,204.0,8.0,0.0,5.0
14.0,63.0,5.0,5.0,0.0,1.0
39.0,258.0,136.0,27.0,1.0,5.0
20.0,37.0,33.0,15.0,0.0,0.0
82.0,346.0,65.0,24.0,0.0,5.0
25.0,295.0,205.0,33.0,1.0,4.0
20.0,208.0,15.0,10.0,1.0,1.0
40.0,2.0,2.0,2.0,1.0,3.0
25.0,66.0,51.0,22.0,1.0,0.0
30.0,294.0,11.0,7.0,1.0,1.0
25.0,347.0,52.0,17.0,1.0,5.0
0.0,348.0,206.0,27.0,0.0,34.0
30.0,11.0,5.0,5.0,1.0,1.0
25.0,349.0,166.0,7.0,0.0,10.0
50.0,325.0,25.0,2.0,1.0,5.0
18.0,12.0,12.0,9.0,1.0,20.0
40.0,350.0,92.0,10.0,1.0,5.0
18.0,351.0,73.0,2.0,1.0,3.0
25.0,40.0,36.0,10.0,1.0,3.0
25.0,11.0,11.0,7.0,1.0,1.0
45.0,32.0,15.0,10.0,1.0,13.0
30.0,19.0,19.0,13.0,1.0,5.0
30.0,101.0,80.0,3.0,0.0,5.0
20.0,21.0,21.0,7.0,0.0,0.0
35.0,68.0,15.0,10.0,0.0,1.0
35.0,109.0,86.0,32.0,1.0,5.0
20.0,350.0,92.0,10.0,1.0,5.0
40.0,44.0,24.0,7.0,1.0,5.0
40.0,127.0,113.0,36.0,0.0,5.0
30.0,352.0,53.0,10.0,1.0,3.0
55.0,32.0,15.0,10.0,1.0,1.0
30.0,33.0,29.0,5.0,1.0,3.0
18.0,127.0,113.0,36.0,0.0,4.0
22.0,5.0,5.0,5.0,1.0,1.0
55.0,205.0,15.0,10.0,1.0,35.0
25.0,19.0,19.0,13.0,1.0,0.0
29.0,353.0,207.0,11.0,1.0,4.0
25.0,32.0,15.0,10.0,1.0,1.0
30.0,257.0,163.0,3.0,0.0,0.0
35.0,186.0,136.0,7.0,1.0,1.0
18.0,283.0,174.0,30.0,2.0,4.0
25.0,44.0,24.0,7.0,0.0,8.0
18.0,354.0,33.0,15.0,0.0,4.0
20.0,44.0,24.0,7.0,0.0,3.0
30.0,355.0,208.0,12.0,0.0,0.0
30.0,14.0,14.0,3.0,1.0,3.0
0.0,14.0,14.0,3.0,1.0,4.0
39.0,1.0,1.0,1.0,1.0,0.0
45.0,37.0,33.0,15.0,1.0,0.0
40.0,32.0,15.0,10.0,1.0,5.0
38.0,17.0,17.0,12.0,0.0,0.0
42.0,81.0,65.0,27.0,1.0,0.0
45.0,23.0,23.0,3.0,1.0,5.0
19.0,73.0,51.0,44.0,1.0,5.0
18.0,5.0,5.0,5.0,1.0,1.0
40.0,70.0,56.0,12.0,1.0,0.0
0.0,356.0,119.0,1.0,0.0,5.0
27.0,125.0,209.0,10.0,1.0,1.0
20.0,66.0,51.0,22.0,0.0,0.0
18.0,148.0,110.0,10.0,1.0,4.0
30.0,21.0,21.0,7.0,1.0,1.0
0.0,357.0,1.0,1.0,0.0,4.0
40.0,32.0,15.0,10.0,1.0,3.0
16.0,2.0,2.0,2.0,1.0,0.0
45.0,21.0,21.0,7.0,1.0,5.0
40.0,17.0,17.0,12.0,1.0,13.0
68.0,216.0,150.0,10.0,0.0,5.0
25.0,58.0,5.0,5.0,1.0,1.0
45.0,320.0,196.0,17.0,1.0,9.0
60.0,327.0,65.0,24.0,0.0,5.0
20.0,269.0,22.0,10.0,1.0,36.0
25.0,45.0,5.0,5.0,1.0,4.0
60.0,15.0,15.0,10.0,0.0,1.0
54.0,1.0,1.0,1.0,0.0,0.0
34.0,127.0,113.0,36.0,1.0,0.0
20.0,45.0,5.0,5.0,1.0,1.0
13.0,358.0,210.0,4.0,1.0,2.0
35.0,11.0,11.0,7.0,1.0,13.0
16.0,1.0,1.0,1.0,1.0,4.0
20.0,359.0,114.0,8.0,1.0,4.0
15.0,360.0,22.0,10.0,2.0,4.0
63.0,303.0,134.0,24.0,1.0,5.0
45.0,37.0,33.0,15.0,1.0,1.0
18.0,19.0,19.0,13.0,1.0,0.0
35.0,160.0,6.0,1.0,1.0,5.0
30.0,361.0,22.0,10.0,1.0,37.0
45.0,186.0,136.0,7.0,1.0,4.0
55.0,17.0,17.0,12.0,1.0,3.0
0.0,362.0,211.0,2.0,1.0,0.0
18.0,5.0,5.0,5.0,1.0,1.0
18.0,13.0,61.0,25.0,1.0,5.0
50.0,43.0,11.0,7.0,1.0,0.0
15.0,363.0,102.0,13.0,0.0,0.0
25.0,44.0,24.0,7.0,1.0,5.0
40.0,223.0,53.0,10.0,0.0,5.0
18.0,9.0,9.0,7.0,1.0,0.0
65.0,44.0,24.0,7.0,0.0,0.0
45.0,9.0,24.0,7.0,1.0,1.0
14.0,7.0,7.0,2.0,1.0,1.0
30.0,364.0,52.0,17.0,0.0,4.0
18.0,365.0,102.0,13.0,1.0,4.0
55.0,44.0,24.0,7.0,1.0,17.0
18.0,42.0,30.0,5.0,1.0,4.0
25.0,46.0,112.0,18.0,1.0,4.0
19.0,46.0,29.0,5.0,1.0,4.0
40.0,25.0,24.0,7.0,1.0,0.0
20.0,40.0,36.0,10.0,1.0,3.0
50.0,26.0,25.0,2.0,1.0,5.0
30.0,66.0,51.0,22.0,1.0,5.0
30.0,78.0,63.0,3.0,1.0,5.0
16.0,189.0,137.0,0.0,2.0,4.0
50.0,49.0,90.0,23.0,1.0,4.0
40.0,148.0,110.0,10.0,0.0,5.0
25.0,366.0,100.0,3.0,1.0,4.0
33.0,12.0,12.0,9.0,1.0,4.0
18.0,252.0,160.0,9.0,1.0,5.0
20.0,367.0,102.0,13.0,0.0,0.0
18.0,1.0,1.0,1.0,2.0,4.0
20.0,44.0,24.0,7.0,1.0,4.0
50.0,101.0,80.0,3.0,1.0,0.0
1.0,280.0,15.0,10.0,1.0,4.0
18.0,283.0,174.0,30.0,2.0,4.0
20.0,356.0,119.0,1.0,1.0,5.0
50.0,32.0,15.0,10.0,0.0,5.0
40.0,9.0,9.0,7.0,1.0,3.0
50.0,368.0,12.0,9.0,1.0,19.0
40.0,19.0,19.0,13.0,1.0,5.0
20.0,369.0,139.0,1.0,1.0,10.0
30.0,105.0,36.0,10.0,1.0,1.0
28.0,76.0,36.0,10.0,1.0,1.0
20.0,370.0,29.0,5.0,1.0,5.0
20.0,14.0,14.0,3.0,1.0,5.0
30.0,21.0,21.0,7.0,1.0,0.0
18.0,68.0,107.0,1.0,2.0,4.0
50.0,13.0,61.0,25.0,1.0,3.0
25.0,21.0,21.0,7.0,1.0,5.0
45.0,21.0,21.0,7.0,1.0,5.0
60.0,37.0,33.0,15.0,1.0,5.0
25.0,5.0,5.0,5.0,1.0,1.0
25.0,13.0,61.0,25.0,0.0,4.0
16.0,92.0,73.0,2.0,1.0,3.0
16.0,44.0,24.0,7.0,1.0,3.0
30.0,371.0,51.0,22.0,1.0,5.0
16.0,372.0,5.0,5.0,1.0,38.0
40.0,373.0,129.0,24.0,1.0,5.0
17.0,2.0,2.0,2.0,1.0,4.0
25.0,125.0,209.0,10.0,0.0,0.0
65.0,32.0,15.0,10.0,1.0,5.0
50.0,32.0,15.0,10.0,1.0,1.0
50.0,374.0,25.0,2.0,1.0,10.0
45.0,26.0,25.0,2.0,1.0,8.0
25.0,375.0,66.0,3.0,1.0,5.0
40.0,376.0,102.0,13.0,1.0,5.0
50.0,33.0,29.0,5.0,1.0,0.0
25.0,156.0,115.0,2.0,1.0,3.0
25.0,11.0,11.0,7.0,1.0,4.0
65.0,32.0,15.0,10.0,0.0,5.0
50.0,21.0,21.0,7.0,1.0,9.0
45.0,377.0,212.0,23.0,1.0,0.0
40.0,13.0,61.0,25.0,1.0,5.0
16.0,66.0,51.0,22.0,1.0,0.0
40.0,26.0,25.0,2.0,1.0,5.0
21.0,311.0,81.0,1.0,2.0,13.0
40.0,248.0,157.0,10.0,1.0,5.0
50.0,252.0,160.0,9.0,1.0,5.0
50.0,19.0,19.0,13.0,1.0,0.0
38.0,378.0,213.0,31.0,1.0,4.0
30.0,32.0,15.0,10.0,1.0,3.0
60.0,37.0,33.0,15.0,0.0,5.0
40.0,14.0,14.0,3.0,1.0,0.0
40.0,78.0,63.0,3.0,1.0,4.0
15.0,22.0,22.0,10.0,1.0,13.0
18.0,227.0,53.0,10.0,1.0,4.0
31.0,311.0,47.0,24.0,1.0,5.0
35.0,304.0,0.0,27.0,1.0,5.0
18.0,44.0,24.0,7.0,1.0,13.0
30.0,5.0,5.0,5.0,0.0,4.0
40.0,248.0,157.0,10.0,1.0,13.0
25.0,37.0,33.0,15.0,1.0,1.0
25.0,44.0,24.0,7.0,1.0,0.0
18.0,180.0,134.0,13.0,1.0,4.0
18.0,63.0,5.0,5.0,1.0,1.0
60.0,44.0,24.0,7.0,1.0,0.0
35.0,379.0,214.0,8.0,0.0,5.0
60.0,32.0,15.0,10.0,1.0,3.0
40.0,255.0,215.0,17.0,1.0,0.0
20.0,329.0,25.0,2.0,1.0,5.0
25.0,76.0,36.0,10.0,1.0,3.0
0.0,380.0,92.0,10.0,1.0,4.0
35.0,89.0,22.0,10.0,1.0,1.0
25.0,200.0,92.0,10.0,1.0,5.0
40.0,5.0,5.0,5.0,1.0,5.0
30.0,44.0,24.0,7.0,1.0,3.0
25.0,44.0,24.0,7.0,1.0,5.0
18.0,381.0,216.0,1.0,1.0,4.0
20.0,186.0,136.0,7.0,1.0,0.0
50.0,44.0,24.0,7.0,1.0,4.0
18.0,382.0,217.0,9.0,1.0,0.0
23.0,32.0,15.0,10.0,1.0,17.0
32.0,239.0,218.0,3.0,1.0,3.0
40.0,44.0,24.0,7.0,1.0,0.0
18.0,98.0,8.0,1.0,1.0,4.0
18.0,10.0,10.0,8.0,1.0,1.0
29.0,17.0,17.0,12.0,1.0,1.0
15.0,44.0,21.0,7.0,1.0,0.0
30.0,351.0,73.0,2.0,1.0,4.0
30.0,177.0,119.0,1.0,1.0,0.0
18.0,76.0,36.0,10.0,1.0,3.0
25.0,9.0,9.0,7.0,1.0,5.0
50.0,2.0,2.0,2.0,1.0,5.0
50.0,11.0,11.0,7.0,1.0,1.0
20.0,5.0,5.0,5.0,0.0,1.0
19.0,169.0,125.0,1.0,1.0,0.0
30.0,44.0,24.0,7.0,1.0,0.0
20.0,46.0,29.0,5.0,1.0,3.0
18.0,14.0,14.0,3.0,1.0,5.0
60.0,124.0,43.0,10.0,1.0,5.0
30.0,25.0,24.0,7.0,1.0,3.0
0.0,7.0,15.0,10.0,1.0,3.0
30.0,17.0,17.0,12.0,1.0,13.0
15.0,383.0,57.0,7.0,1.0,5.0
0.0,32.0,15.0,10.0,0.0,4.0
25.0,44.0,24.0,7.0,1.0,20.0
14.0,252.0,160.0,9.0,0.0,4.0
20.0,92.0,73.0,2.0,1.0,5.0
20.0,37.0,33.0,15.0,1.0,5.0
18.0,32.0,15.0,10.0,1.0,3.0
30.0,384.0,219.0,45.0,1.0,5.0
68.0,71.0,57.0,24.0,1.0,0.0
65.0,32.0,15.0,10.0,1.0,0.0
30.0,57.0,48.0,20.0,0.0,5.0
19.0,19.0,19.0,13.0,1.0,0.0
50.0,56.0,47.0,1.0,1.0,0.0
24.0,385.0,220.0,3.0,1.0,17.0
15.0,186.0,136.0,7.0,1.0,1.0
45.0,21.0,21.0,7.0,1.0,1.0
18.0,386.0,221.0,1.0,1.0,4.0
25.0,21.0,21.0,7.0,1.0,13.0
0.0,125.0,54.0,2.0,2.0,4.0
25.0,89.0,22.0,10.0,0.0,9.0
40.0,13.0,61.0,25.0,1.0,5.0
40.0,327.0,65.0,24.0,1.0,1.0
17.0,9.0,9.0,7.0,1.0,1.0
20.0,387.0,142.0,18.0,1.0,10.0
35.0,32.0,15.0,10.0,0.0,0.0
30.0,5.0,5.0,5.0,1.0,4.0
50.0,388.0,36.0,10.0,1.0,5.0
30.0,45.0,5.0,5.0,1.0,1.0
55.0,1.0,1.0,1.0,1.0,13.0
35.0,220.0,151.0,27.0,1.0,5.0
50.0,127.0,113.0,36.0,1.0,0.0
25.0,45.0,5.0,5.0,0.0,1.0
27.0,78.0,63.0,3.0,1.0,5.0
40.0,54.0,46.0,2.0,1.0,3.0
30.0,150.0,15.0,10.0,2.0,13.0
20.0,2.0,2.0,2.0,1.0,3.0
35.0,21.0,21.0,7.0,1.0,1.0
35.0,66.0,51.0,22.0,1.0,0.0
15.0,389.0,22.0,10.0,1.0,4.0
24.0,247.0,127.0,5.0,1.0,1.0
25.0,109.0,86.0,32.0,0.0,13.0
20.0,152.0,30.0,5.0,1.0,1.0
20.0,117.0,92.0,10.0,1.0,3.0
40.0,13.0,61.0,25.0,1.0,3.0
25.0,390.0,222.0,39.0,1.0,4.0
13.0,94.0,107.0,1.0,1.0,4.0
23.0,44.0,24.0,7.0,0.0,5.0
50.0,391.0,80.0,10.0,1.0,5.0
25.0,21.0,21.0,7.0,1.0,4.0
40.0,19.0,19.0,13.0,1.0,0.0
23.0,2.0,2.0,2.0,1.0,3.0
50.0,351.0,223.0,30.0,1.0,5.0
60.0,392.0,49.0,21.0,1.0,8.0
30.0,2.0,2.0,2.0,1.0,4.0
55.0,9.0,9.0,7.0,1.0,5.0
28.0,299.0,63.0,2.0,1.0,1.0
60.0,26.0,25.0,2.0,0.0,0.0
20.0,5.0,5.0,5.0,1.0,1.0
50.0,224.0,15.0,10.0,0.0,0.0
20.0,393.0,92.0,10.0,0.0,3.0
19.0,47.0,39.0,2.0,1.0,3.0
35.0,145.0,30.0,5.0,1.0,1.0
18.0,10.0,10.0,8.0,0.0,0.0
45.0,37.0,33.0,15.0,1.0,1.0
47.0,71.0,57.0,24.0,1.0,5.0
45.0,11.0,11.0,7.0,1.0,3.0
45.0,44.0,24.0,7.0,1.0,5.0
19.0,323.0,197.0,2.0,1.0,3.0
20.0,46.0,29.0,5.0,1.0,1.0
20.0,394.0,26.0,3.0,1.0,5.0
20.0,66.0,51.0,22.0,1.0,0.0
18.0,76.0,36.0,10.0,1.0,3.0
50.0,9.0,9.0,7.0,1.0,0.0
43.0,395.0,148.0,10.0,1.0,13.0
35.0,396.0,29.0,5.0,1.0,5.0
30.0,37.0,33.0,15.0,1.0,0.0
60.0,397.0,47.0,24.0,1.0,5.0
20.0,44.0,24.0,7.0,1.0,6.0
30.0,11.0,11.0,7.0,1.0,13.0
18.0,398.0,57.0,7.0,1.0,4.0
55.0,137.0,224.0,1.0,1.0,1.0
16.0,5.0,5.0,5.0,2.0,4.0
18.0,9.0,9.0,7.0,1.0,3.0
18.0,76.0,36.0,10.0,1.0,4.0
40.0,95.0,11.0,7.0,1.0,1.0
50.0,21.0,21.0,7.0,1.0,1.0
0.0,41.0,52.0,17.0,1.0,4.0
50.0,44.0,24.0,7.0,0.0,5.0
30.0,399.0,33.0,15.0,1.0,9.0
26.0,58.0,5.0,5.0,1.0,1.0
40.0,400.0,225.0,18.0,1.0,4.0
71.0,71.0,57.0,24.0,0.0,0.0
16.0,26.0,25.0,2.0,1.0,4.0
35.0,37.0,33.0,15.0,1.0,5.0
14.0,37.0,33.0,15.0,1.0,23.0
30.0,44.0,24.0,7.0,1.0,3.0
20.0,76.0,36.0,10.0,1.0,3.0
80.0,401.0,47.0,24.0,1.0,5.0
30.0,148.0,110.0,10.0,1.0,3.0
35.0,402.0,226.0,26.0,1.0,2.0
40.0,71.0,57.0,24.0,1.0,5.0
50.0,44.0,24.0,7.0,1.0,0.0
0.0,76.0,36.0,10.0,0.0,4.0
25.0,17.0,17.0,12.0,1.0,5.0
18.0,403.0,227.0,23.0,1.0,0.0
28.0,32.0,15.0,10.0,1.0,1.0
50.0,248.0,157.0,10.0,1.0,13.0
35.0,45.0,5.0,5.0,1.0,4.0
45.0,32.0,15.0,10.0,1.0,1.0
25.0,9.0,9.0,7.0,1.0,3.0
40.0,14.0,14.0,3.0,1.0,39.0
55.0,274.0,170.0,11.0,1.0,4.0
55.0,68.0,15.0,10.0,1.0,5.0
50.0,9.0,9.0,7.0,1.0,13.0
20.0,194.0,22.0,10.0,1.0,4.0
45.0,44.0,24.0,7.0,1.0,5.0
49.0,404.0,162.0,27.0,1.0,9.0
40.0,405.0,8.0,1.0,1.0,7.0
40.0,21.0,21.0,7.0,1.0,5.0
18.0,32.0,15.0,10.0,0.0,5.0
20.0,284.0,36.0,10.0,1.0,3.0
28.0,11.0,11.0,7.0,1.0,0.0
45.0,37.0,33.0,15.0,1.0,40.0
50.0,14.0,14.0,3.0,0.0,0.0
27.0,375.0,5.0,5.0,1.0,4.0
25.0,406.0,216.0,1.0,0.0,4.0
20.0,156.0,115.0,2.0,1.0,4.0
50.0,407.0,125.0,1.0,1.0,0.0
18.0,11.0,11.0,7.0,1.0,17.0
25.0,37.0,33.0,15.0,1.0,5.0
45.0,21.0,21.0,7.0,1.0,0.0
30.0,9.0,9.0,7.0,1.0,5.0
18.0,19.0,19.0,13.0,0.0,0.0
50.0,219.0,8.0,8.0,0.0,0.0
30.0,202.0,138.0,3.0,1.0,5.0
30.0,56.0,47.0,1.0,0.0,0.0
30.0,44.0,24.0,7.0,1.0,0.0
18.0,74.0,59.0,18.0,0.0,4.0
42.0,28.0,228.0,25.0,0.0,5.0
18.0,408.0,86.0,32.0,1.0,4.0
35.0,364.0,52.0,17.0,1.0,5.0
20.0,76.0,36.0,10.0,1.0,4.0
35.0,45.0,5.0,5.0,1.0,1.0
45.0,2.0,2.0,2.0,1.0,5.0
35.0,25.0,24.0,7.0,1.0,9.0
30.0,37.0,33.0,15.0,1.0,0.0
15.0,188.0,36.0,10.0,1.0,3.0
22.0,409.0,92.0,10.0,1.0,4.0
35.0,2.0,2.0,2.0,1.0,4.0
18.0,45.0,5.0,5.0,0.0,4.0
55.0,329.0,25.0,2.0,1.0,4.0
50.0,19.0,19.0,13.0,1.0,5.0
35.0,140.0,175.0,17.0,1.0,3.0
15.0,410.0,195.0,20.0,2.0,4.0
15.0,36.0,32.0,11.0,1.0,5.0
20.0,411.0,229.0,26.0,1.0,1.0
50.0,283.0,174.0,30.0,1.0,0.0
60.0,71.0,57.0,24.0,1.0,5.0
35.0,412.0,230.0,22.0,0.0,5.0
20.0,101.0,231.0,44.0,0.0,0.0
25.0,63.0,30.0,5.0,1.0,5.0
17.0,129.0,101.0,26.0,0.0,41.0
60.0,22.0,22.0,10.0,1.0,5.0
25.0,413.0,25.0,14.0,1.0,5.0
50.0,32.0,15.0,10.0,1.0,13.0
65.0,21.0,21.0,7.0,1.0,5.0
22.0,63.0,5.0,5.0,1.0,20.0
27.0,139.0,29.0,5.0,1.0,4.0
20.0,156.0,115.0,2.0,0.0,9.0
23.0,110.0,87.0,1.0,1.0,4.0
30.0,47.0,39.0,2.0,1.0,1.0
30.0,33.0,29.0,5.0,1.0,5.0
45.0,101.0,80.0,3.0,1.0,5.0
17.0,26.0,25.0,2.0,1.0,3.0
20.0,130.0,14.0,3.0,1.0,3.0
40.0,19.0,19.0,13.0,1.0,5.0
50.0,21.0,21.0,7.0,1.0,0.0
23.0,147.0,109.0,5.0,1.0,4.0
25.0,32.0,15.0,10.0,1.0,1.0
50.0,383.0,57.0,7.0,1.0,4.0
0.0,414.0,162.0,27.0,1.0,4.0
40.0,283.0,174.0,30.0,1.0,5.0
20.0,40.0,36.0,10.0,1.0,3.0
45.0,21.0,21.0,7.0,1.0,5.0
20.0,248.0,157.0,10.0,1.0,0.0
20.0,269.0,22.0,10.0,1.0,1.0
20.0,2.0,2.0,2.0,0.0,3.0
20.0,415.0,232.0,39.0,1.0,4.0
25.0,416.0,134.0,24.0,0.0,5.0
30.0,177.0,119.0,1.0,1.0,5.0
30.0,19.0,19.0,13.0,0.0,0.0
40.0,11.0,11.0,7.0,1.0,4.0
25.0,9.0,9.0,7.0,1.0,0.0
45.0,258.0,11.0,7.0,1.0,10.0
50.0,44.0,24.0,7.0,1.0,5.0
25.0,417.0,5.0,5.0,0.0,1.0
55.0,11.0,11.0,7.0,1.0,5.0
25.0,418.0,80.0,10.0,0.0,3.0
35.0,2.0,2.0,2.0,0.0,5.0
30.0,89.0,118.0,1.0,1.0,4.0
25.0,10.0,10.0,8.0,1.0,5.0
50.0,1.0,1.0,1.0,1.0,0.0
30.0,269.0,22.0,10.0,1.0,1.0
0.0,37.0,33.0,15.0,0.0,4.0
25.0,419.0,233.0,28.0,0.0,4.0
38.0,420.0,86.0,16.0,0.0,17.0
20.0,76.0,36.0,10.0,0.0,3.0
45.0,44.0,24.0,7.0,1.0,1.0
0.0,44.0,24.0,7.0,0.0,0.0
25.0,63.0,5.0,5.0,1.0,1.0
20.0,76.0,36.0,10.0,1.0,3.0
25.0,32.0,15.0,10.0,0.0,5.0
44.0,226.0,136.0,17.0,1.0,5.0
21.0,32.0,15.0,10.0,1.0,0.0
25.0,148.0,110.0,10.0,0.0,3.0
40.0,421.0,67.0,8.0,1.0,5.0
50.0,19.0,19.0,13.0,1.0,0.0
27.0,56.0,119.0,1.0,0.0,0.0
13.0,66.0,51.0,22.0,0.0,4.0
55.0,44.0,24.0,7.0,1.0,5.0
40.0,276.0,234.0,13.0,1.0,5.0
25.0,50.0,42.0,5.0,1.0,4.0
30.0,224.0,15.0,10.0,0.0,4.0
32.0,422.0,51.0,0.0,1.0,3.0
18.0,45.0,30.0,5.0,1.0,4.0
55.0,21.0,21.0,7.0,1.0,0.0
55.0,280.0,211.0,2.0,1.0,5.0
18.0,423.0,70.0,17.0,1.0,4.0
40.0,323.0,197.0,2.0,1.0,3.0
25.0,32.0,15.0,10.0,1.0,1.0
63.0,194.0,22.0,10.0,1.0,0.0
37.0,424.0,119.0,1.0,1.0,5.0
45.0,241.0,124.0,7.0,1.0,5.0
18.0,127.0,113.0,36.0,1.0,0.0
50.0,425.0,235.0,8.0,1.0,5.0
20.0,76.0,36.0,10.0,1.0,3.0
0.0,426.0,236.0,33.0,1.0,5.0
8.0,82.0,237.0,2.0,0.0,28.0
25.0,427.0,25.0,2.0,1.0,5.0
18.0,428.0,238.0,27.0,1.0,4.0
17.0,21.0,21.0,7.0,1.0,1.0
25.0,22.0,22.0,10.0,1.0,1.0
45.0,37.0,33.0,15.0,1.0,9.0
30.0,17.0,17.0,12.0,1.0,0.0
18.0,66.0,51.0,22.0,1.0,0.0
35.0,5.0,5.0,5.0,1.0,4.0
20.0,429.0,239.0,2.0,1.0,13.0
35.0,44.0,24.0,7.0,1.0,3.0
19.0,13.0,61.0,25.0,0.0,3.0
30.0,25.0,24.0,7.0,1.0,3.0
30.0,278.0,166.0,7.0,1.0,5.0
26.0,63.0,5.0,5.0,1.0,1.0
18.0,56.0,47.0,1.0,0.0,0.0
25.0,44.0,24.0,7.0,0.0,5.0
35.0,44.0,24.0,7.0,1.0,0.0
25.0,17.0,17.0,12.0,1.0,7.0
35.0,58.0,5.0,5.0,1.0,1.0
25.0,430.0,240.0,37.0,1.0,3.0
30.0,431.0,80.0,10.0,0.0,4.0
40.0,44.0,24.0,7.0,1.0,0.0
30.0,9.0,9.0,7.0,1.0,3.0
25.0,46.0,29.0,5.0,2.0,4.0
18.0,360.0,22.0,10.0,1.0,1.0
35.0,9.0,9.0,7.0,1.0,13.0
30.0,58.0,5.0,5.0,1.0,1.0
30.0,67.0,54.0,2.0,0.0,3.0
80.0,432.0,47.0,24.0,1.0,5.0
87.0,433.0,241.0,3.0,1.0,5.0
40.0,434.0,11.0,7.0,0.0,0.0
20.0,17.0,17.0,12.0,1.0,0.0
26.0,155.0,114.0,37.0,1.0,5.0
55.0,11.0,11.0,7.0,0.0,3.0
35.0,35.0,31.0,3.0,1.0,5.0
30.0,40.0,36.0,10.0,1.0,3.0
20.0,435.0,29.0,5.0,1.0,5.0
50.0,162.0,120.0,38.0,0.0,13.0
35.0,13.0,61.0,25.0,1.0,5.0
28.0,11.0,5.0,5.0,1.0,4.0
30.0,35.0,31.0,3.0,1.0,5.0
14.0,32.0,15.0,10.0,1.0,20.0
55.0,21.0,21.0,7.0,1.0,3.0
25.0,21.0,21.0,7.0,1.0,0.0
41.0,2.0,2.0,2.0,1.0,5.0
18.0,436.0,177.0,10.0,1.0,4.0
35.0,32.0,15.0,10.0,0.0,3.0
20.0,106.0,5.0,5.0,2.0,1.0
70.0,21.0,21.0,7.0,1.0,5.0
30.0,17.0,17.0,12.0,1.0,5.0
25.0,44.0,24.0,7.0,1.0,0.0
35.0,437.0,242.0,10.0,1.0,4.0
40.0,13.0,61.0,25.0,1.0,4.0
51.0,33.0,29.0,5.0,1.0,5.0
50.0,101.0,231.0,44.0,1.0,0.0
25.0,438.0,243.0,27.0,1.0,28.0
0.0,56.0,47.0,1.0,0.0,5.0
18.0,439.0,244.0,22.0,2.0,4.0
41.0,14.0,14.0,3.0,1.0,0.0
28.0,32.0,15.0,10.0,1.0,5.0
55.0,44.0,24.0,7.0,1.0,5.0
70.0,44.0,24.0,7.0,1.0,1.0
25.0,44.0,24.0,7.0,1.0,5.0
50.0,25.0,24.0,7.0,1.0,13.0
50.0,224.0,15.0,10.0,1.0,5.0
30.0,284.0,36.0,10.0,1.0,3.0
42.0,2.0,2.0,2.0,1.0,4.0
40.0,37.0,33.0,15.0,1.0,34.0
25.0,5.0,5.0,5.0,1.0,4.0
25.0,14.0,14.0,3.0,1.0,0.0
30.0,280.0,15.0,10.0,1.0,30.0
18.0,184.0,102.0,13.0,1.0,1.0
0.0,33.0,29.0,5.0,1.0,4.0
40.0,127.0,113.0,36.0,1.0,0.0
45.0,5.0,5.0,5.0,1.0,5.0
60.0,19.0,19.0,13.0,1.0,5.0
20.0,67.0,54.0,2.0,0.0,3.0
20.0,58.0,5.0,5.0,1.0,1.0
50.0,440.0,199.0,13.0,1.0,0.0
35.0,85.0,68.0,18.0,1.0,5.0
20.0,21.0,21.0,7.0,1.0,4.0
22.0,58.0,5.0,5.0,1.0,10.0
18.0,76.0,36.0,10.0,1.0,3.0
45.0,44.0,24.0,7.0,1.0,1.0
50.0,44.0,24.0,7.0,1.0,1.0
19.0,19.0,19.0,13.0,1.0,0.0
40.0,17.0,17.0,12.0,1.0,4.0
20.0,11.0,11.0,7.0,1.0,20.0
20.0,441.0,245.0,9.0,0.0,1.0
18.0,44.0,24.0,7.0,1.0,3.0
0.0,44.0,24.0,7.0,1.0,4.0
40.0,26.0,25.0,2.0,1.0,1.0
30.0,14.0,14.0,3.0,1.0,5.0
20.0,46.0,29.0,5.0,1.0,4.0
35.0,41.0,52.0,17.0,1.0,5.0
25.0,45.0,5.0,5.0,1.0,1.0
18.0,21.0,246.0,15.0,0.0,5.0
24.0,36.0,32.0,11.0,0.0,5.0
35.0,17.0,17.0,12.0,0.0,5.0
18.0,195.0,247.0,16.0,1.0,0.0
20.0,442.0,234.0,2.0,0.0,13.0
26.0,32.0,15.0,10.0,1.0,1.0
25.0,375.0,5.0,5.0,1.0,1.0
26.0,37.0,33.0,15.0,0.0,0.0
18.0,20.0,20.0,9.0,1.0,4.0
46.0,443.0,23.0,3.0,1.0,5.0
45.0,444.0,58.0,7.0,0.0,5.0
21.0,57.0,48.0,20.0,1.0,42.0
14.0,9.0,9.0,7.0,0.0,0.0
40.0,294.0,11.0,7.0,1.0,1.0
18.0,46.0,29.0,5.0,1.0,1.0
18.0,5.0,5.0,5.0,0.0,1.0
16.0,151.0,248.0,25.0,1.0,4.0
18.0,9.0,9.0,7.0,0.0,0.0
30.0,44.0,24.0,7.0,1.0,5.0
55.0,14.0,14.0,3.0,1.0,0.0
16.0,247.0,127.0,5.0,0.0,4.0
25.0,44.0,24.0,7.0,1.0,3.0
30.0,152.0,30.0,5.0,0.0,4.0
28.0,26.0,25.0,2.0,1.0,3.0
25.0,22.0,22.0,10.0,1.0,5.0
55.0,47.0,39.0,2.0,1.0,4.0
28.0,58.0,5.0,5.0,1.0,1.0
25.0,201.0,5.0,5.0,1.0,1.0
26.0,32.0,15.0,10.0,1.0,3.0
14.0,5.0,5.0,5.0,1.0,1.0
30.0,64.0,246.0,22.0,0.0,5.0
22.0,66.0,51.0,22.0,1.0,0.0
20.0,36.0,32.0,11.0,0.0,5.0
20.0,252.0,160.0,9.0,1.0,3.0
35.0,18.0,18.0,2.0,1.0,3.0
15.0,441.0,245.0,9.0,0.0,4.0
60.0,167.0,15.0,10.0,0.0,5.0
55.0,2.0,2.0,2.0,0.0,5.0
20.0,445.0,119.0,1.0,1.0,1.0
19.0,66.0,51.0,22.0,0.0,17.0
45.0,36.0,32.0,11.0,1.0,5.0
15.0,446.0,166.0,7.0,0.0,5.0
40.0,447.0,80.0,10.0,1.0,4.0
23.0,172.0,30.0,5.0,1.0,3.0
18.0,182.0,61.0,25.0,1.0,4.0
45.0,137.0,224.0,1.0,1.0,5.0
30.0,268.0,168.0,16.0,1.0,4.0
65.0,210.0,86.0,15.0,1.0,5.0
35.0,25.0,24.0,7.0,1.0,1.0
70.0,11.0,11.0,7.0,0.0,13.0
50.0,32.0,15.0,10.0,1.0,1.0
35.0,17.0,17.0,12.0,1.0,0.0
50.0,25.0,24.0,7.0,1.0,0.0
19.0,32.0,15.0,10.0,1.0,3.0
30.0,435.0,249.0,32.0,0.0,5.0
20.0,233.0,26.0,3.0,0.0,0.0
40.0,17.0,17.0,12.0,1.0,5.0
45.0,44.0,24.0,7.0,1.0,0.0
20.0,448.0,250.0,18.0,0.0,43.0
50.0,78.0,63.0,3.0,1.0,3.0
20.0,54.0,46.0,2.0,1.0,5.0
40.0,449.0,92.0,10.0,2.0,4.0
18.0,4.0,4.0,4.0,0.0,0.0
30.0,194.0,22.0,10.0,1.0,1.0
18.0,103.0,81.0,1.0,1.0,0.0
70.0,21.0,21.0,7.0,1.0,1.0
50.0,2.0,2.0,2.0,1.0,4.0
18.0,450.0,127.0,5.0,0.0,4.0
50.0,5.0,5.0,5.0,1.0,4.0
40.0,14.0,14.0,3.0,1.0,44.0
27.0,270.0,61.0,25.0,1.0,10.0
19.0,105.0,36.0,10.0,1.0,3.0
45.0,37.0,33.0,15.0,1.0,5.0
17.0,5.0,5.0,5.0,0.0,1.0
25.0,19.0,19.0,13.0,1.0,0.0
24.0,429.0,251.0,21.0,1.0,1.0
0.0,13.0,61.0,25.0,1.0,5.0
14.0,34.0,30.0,5.0,1.0,1.0
15.0,370.0,29.0,5.0,0.0,1.0
30.0,11.0,11.0,7.0,1.0,5.0
20.0,451.0,25.0,2.0,1.0,4.0
25.0,50.0,42.0,5.0,1.0,5.0
35.0,295.0,205.0,33.0,0.0,0.0
18.0,66.0,51.0,22.0,1.0,4.0
40.0,350.0,92.0,10.0,1.0,5.0
60.0,89.0,22.0,10.0,1.0,1.0
30.0,154.0,15.0,10.0,1.0,3.0
18.0,110.0,87.0,1.0,2.0,4.0
18.0,46.0,29.0,5.0,1.0,4.0
30.0,9.0,9.0,7.0,1.0,0.0
50.0,312.0,191.0,7.0,1.0,1.0
40.0,66.0,51.0,22.0,1.0,0.0
46.0,193.0,14.0,3.0,1.0,5.0
16.0,34.0,30.0,5.0,1.0,3.0
15.0,33.0,29.0,5.0,1.0,3.0
25.0,21.0,21.0,7.0,1.0,0.0
18.0,46.0,29.0,5.0,1.0,1.0
19.0,19.0,19.0,13.0,1.0,0.0
50.0,37.0,33.0,15.0,1.0,5.0
45.0,44.0,9.0,7.0,1.0,4.0
40.0,11.0,11.0,7.0,1.0,40.0
0.0,452.0,252.0,45.0,0.0,5.0
20.0,150.0,15.0,10.0,2.0,4.0
50.0,11.0,11.0,7.0,1.0,5.0
60.0,416.0,134.0,24.0,0.0,5.0
30.0,37.0,33.0,15.0,1.0,5.0
18.0,206.0,92.0,10.0,2.0,4.0
30.0,63.0,5.0,5.0,1.0,1.0
14.0,229.0,47.0,24.0,2.0,4.0
40.0,66.0,51.0,22.0,1.0,0.0
50.0,21.0,21.0,7.0,1.0,13.0
18.0,76.0,36.0,10.0,1.0,1.0
40.0,44.0,24.0,7.0,1.0,4.0
15.0,184.0,102.0,13.0,0.0,0.0
39.0,453.0,42.0,10.0,1.0,4.0
20.0,40.0,36.0,10.0,1.0,3.0
18.0,19.0,19.0,13.0,1.0,0.0
30.0,454.0,253.0,21.0,1.0,5.0
25.0,32.0,15.0,10.0,1.0,0.0
44.0,455.0,254.0,37.0,0.0,5.0
20.0,92.0,73.0,2.0,1.0,5.0
45.0,21.0,21.0,7.0,0.0,5.0
40.0,26.0,25.0,2.0,1.0,0.0
40.0,44.0,24.0,7.0,1.0,5.0
30.0,11.0,11.0,7.0,1.0,1.0
45.0,21.0,21.0,7.0,1.0,17.0
17.0,456.0,15.0,10.0,1.0,5.0
20.0,50.0,42.0,5.0,1.0,1.0
18.0,46.0,29.0,5.0,1.0,4.0
3.0,457.0,61.0,25.0,0.0,4.0
35.0,159.0,255.0,27.0,1.0,0.0
50.0,76.0,36.0,10.0,1.0,3.0
23.0,124.0,43.0,10.0,1.0,5.0
20.0,44.0,24.0,7.0,1.0,4.0
20.0,44.0,24.0,7.0,0.0,4.0
27.0,44.0,24.0,7.0,1.0,0.0
0.0,78.0,63.0,3.0,0.0,0.0
60.0,458.0,256.0,16.0,1.0,0.0
59.0,459.0,257.0,24.0,1.0,5.0
40.0,0.0,0.0,0.0,0.0,3.0
20.0,460.0,167.0,40.0,1.0,4.0
50.0,294.0,11.0,7.0,0.0,13.0
40.0,159.0,118.0,1.0,1.0,4.0
40.0,461.0,22.0,10.0,0.0,1.0
35.0,41.0,52.0,17.0,1.0,4.0
25.0,44.0,24.0,7.0,1.0,5.0
20.0,22.0,22.0,10.0,1.0,14.0
23.0,37.0,33.0,15.0,0.0,0.0
25.0,280.0,258.0,29.0,1.0,3.0
25.0,17.0,17.0,12.0,1.0,5.0
35.0,17.0,17.0,12.0,1.0,5.0
23.0,259.0,57.0,24.0,1.0,4.0
25.0,63.0,5.0,5.0,1.0,1.0
36.0,310.0,130.0,3.0,1.0,5.0
18.0,372.0,5.0,5.0,1.0,1.0
25.0,85.0,68.0,18.0,1.0,1.0
83.0,188.0,6.0,24.0,1.0,5.0
20.0,32.0,15.0,10.0,0.0,3.0
50.0,224.0,2.0,2.0,1.0,5.0
30.0,34.0,30.0,5.0,1.0,1.0
18.0,40.0,36.0,10.0,1.0,3.0
30.0,44.0,24.0,7.0,1.0,5.0
55.0,340.0,154.0,0.0,1.0,5.0
30.0,462.0,259.0,6.0,1.0,3.0
40.0,101.0,80.0,3.0,1.0,3.0
30.0,130.0,14.0,3.0,1.0,5.0
25.0,306.0,87.0,1.0,0.0,2.0
20.0,463.0,36.0,10.0,1.0,5.0
40.0,26.0,25.0,2.0,1.0,3.0
27.0,19.0,19.0,13.0,1.0,5.0
20.0,157.0,116.0,9.0,0.0,1.0
45.0,37.0,33.0,15.0,1.0,0.0
30.0,32.0,15.0,10.0,1.0,1.0
50.0,21.0,21.0,7.0,1.0,5.0
47.0,17.0,17.0,12.0,0.0,0.0
25.0,464.0,51.0,7.0,0.0,4.0
20.0,465.0,22.0,10.0,1.0,5.0
30.0,44.0,24.0,7.0,0.0,0.0
18.0,109.0,86.0,32.0,0.0,4.0
14.0,5.0,5.0,5.0,0.0,4.0
23.0,466.0,5.0,5.0,1.0,4.0
35.0,37.0,33.0,15.0,1.0,0.0
25.0,266.0,166.0,7.0,1.0,5.0
19.0,115.0,90.0,23.0,1.0,1.0
50.0,11.0,11.0,7.0,1.0,0.0
50.0,21.0,21.0,7.0,1.0,5.0
50.0,14.0,14.0,3.0,1.0,5.0
25.0,36.0,32.0,11.0,0.0,0.0
0.0,85.0,68.0,18.0,2.0,4.0
20.0,52.0,44.0,19.0,1.0,5.0
27.0,16.0,16.0,11.0,1.0,5.0
35.0,37.0,33.0,15.0,1.0,13.0
17.0,33.0,29.0,5.0,1.0,3.0
40.0,25.0,24.0,7.0,0.0,0.0
18.0,467.0,260.0,44.0,1.0,5.0
30.0,66.0,51.0,22.0,0.0,0.0
20.0,34.0,30.0,5.0,1.0,1.0
40.0,66.0,51.0,22.0,1.0,0.0
30.0,21.0,21.0,7.0,1.0,17.0
30.0,468.0,261.0,2.0,1.0,3.0
25.0,2.0,2.0,2.0,1.0,4.0
18.0,44.0,119.0,1.0,2.0,4.0
20.0,44.0,24.0,7.0,0.0,0.0
70.0,13.0,61.0,25.0,0.0,5.0
55.0,44.0,24.0,7.0,1.0,5.0
19.0,147.0,109.0,5.0,0.0,4.0
60.0,36.0,32.0,11.0,1.0,5.0
35.0,66.0,51.0,22.0,0.0,4.0
30.0,85.0,68.0,18.0,1.0,5.0
18.0,184.0,102.0,13.0,0.0,0.0
1.0,32.0,15.0,10.0,0.0,5.0
20.0,11.0,11.0,7.0,1.0,1.0
0.0,329.0,25.0,2.0,1.0,4.0
40.0,313.0,192.0,31.0,1.0,0.0
25.0,21.0,21.0,7.0,0.0,0.0
20.0,40.0,36.0,10.0,1.0,3.0
45.0,37.0,33.0,15.0,1.0,0.0
18.0,311.0,81.0,1.0,1.0,4.0
40.0,44.0,24.0,7.0,0.0,0.0
55.0,85.0,68.0,18.0,1.0,5.0
20.0,46.0,29.0,5.0,1.0,3.0
40.0,37.0,33.0,15.0,1.0,0.0
30.0,66.0,51.0,22.0,0.0,17.0
27.0,140.0,175.0,17.0,1.0,5.0
20.0,9.0,9.0,7.0,1.0,3.0
40.0,21.0,21.0,7.0,1.0,5.0
20.0,469.0,67.0,13.0,1.0,4.0
55.0,470.0,262.0,7.0,0.0,5.0
0.0,471.0,101.0,26.0,1.0,4.0
17.0,472.0,106.0,2.0,1.0,3.0
30.0,13.0,61.0,25.0,0.0,3.0
25.0,127.0,113.0,36.0,0.0,5.0
52.0,32.0,15.0,10.0,1.0,3.0
33.0,17.0,17.0,12.0,1.0,3.0
20.0,40.0,36.0,10.0,1.0,3.0
40.0,447.0,80.0,10.0,1.0,13.0
20.0,17.0,17.0,12.0,0.0,4.0
30.0,37.0,33.0,15.0,1.0,0.0
18.0,256.0,59.0,17.0,1.0,3.0
35.0,473.0,96.0,8.0,1.0,4.0
30.0,47.0,39.0,2.0,1.0,5.0
18.0,474.0,244.0,22.0,2.0,4.0
50.0,21.0,24.0,7.0,1.0,5.0
50.0,44.0,24.0,7.0,1.0,0.0
30.0,66.0,51.0,22.0,1.0,5.0
27.0,46.0,29.0,5.0,1.0,3.0
30.0,415.0,232.0,39.0,0.0,4.0
20.0,196.0,207.0,21.0,1.0,0.0
0.0,9.0,9.0,7.0,0.0,5.0
60.0,66.0,51.0,22.0,0.0,5.0
50.0,44.0,24.0,7.0,1.0,4.0
20.0,33.0,29.0,5.0,1.0,3.0
35.0,162.0,120.0,38.0,1.0,13.0
35.0,274.0,170.0,11.0,0.0,5.0
45.0,21.0,21.0,7.0,0.0,13.0
35.0,34.0,30.0,5.0,1.0,1.0
50.0,19.0,19.0,13.0,0.0,0.0
45.0,21.0,21.0,7.0,1.0,5.0
0.0,475.0,192.0,31.0,1.0,0.0
25.0,22.0,22.0,10.0,1.0,1.0
45.0,376.0,127.0,5.0,1.0,1.0
20.0,245.0,47.0,1.0,1.0,0.0
50.0,94.0,84.0,10.0,1.0,5.0
30.0,152.0,30.0,5.0,0.0,1.0
18.0,445.0,84.0,10.0,1.0,4.0
25.0,44.0,24.0,7.0,1.0,0.0
40.0,476.0,263.0,30.0,1.0,5.0
30.0,203.0,26.0,3.0,1.0,3.0
55.0,32.0,15.0,10.0,1.0,1.0
40.0,403.0,227.0,23.0,1.0,3.0
40.0,21.0,21.0,7.0,1.0,0.0
40.0,86.0,69.0,3.0,1.0,5.0
18.0,1.0,1.0,1.0,1.0,4.0
25.0,21.0,21.0,7.0,1.0,4.0
35.0,89.0,22.0,10.0,1.0,1.0
18.0,26.0,25.0,2.0,1.0,5.0
25.0,147.0,109.0,5.0,1.0,3.0
20.0,155.0,114.0,37.0,1.0,5.0
30.0,150.0,15.0,10.0,1.0,5.0
18.0,137.0,224.0,1.0,1.0,0.0
40.0,44.0,24.0,7.0,1.0,4.0
24.0,477.0,65.0,24.0,1.0,13.0
20.0,478.0,36.0,10.0,1.0,3.0
18.0,2.0,2.0,2.0,1.0,4.0
35.0,13.0,61.0,25.0,0.0,5.0
1.0,28.0,15.0,10.0,1.0,5.0
50.0,479.0,92.0,10.0,1.0,5.0
25.0,63.0,5.0,5.0,0.0,4.0
35.0,44.0,24.0,7.0,1.0,5.0
30.0,2.0,2.0,2.0,0.0,0.0
60.0,32.0,15.0,10.0,0.0,5.0
45.0,37.0,33.0,15.0,1.0,0.0
18.0,21.0,21.0,7.0,0.0,4.0
20.0,18.0,18.0,2.0,1.0,3.0
45.0,55.0,148.0,10.0,1.0,5.0
0.0,266.0,26.0,3.0,0.0,5.0
40.0,37.0,33.0,15.0,1.0,0.0
36.0,14.0,14.0,3.0,1.0,5.0
35.0,202.0,138.0,3.0,0.0,5.0
30.0,247.0,264.0,12.0,1.0,0.0
18.0,36.0,32.0,11.0,1.0,5.0
25.0,40.0,36.0,10.0,1.0,3.0
18.0,107.0,176.0,41.0,1.0,5.0
35.0,36.0,32.0,11.0,1.0,0.0
35.0,32.0,15.0,10.0,1.0,5.0
18.0,40.0,36.0,10.0,1.0,3.0
50.0,19.0,19.0,13.0,1.0,0.0
30.0,480.0,2.0,17.0,1.0,0.0
60.0,66.0,51.0,22.0,1.0,0.0
12.0,17.0,17.0,12.0,1.0,17.0
50.0,32.0,15.0,10.0,1.0,5.0
20.0,157.0,116.0,9.0,0.0,3.0
18.0,45.0,5.0,5.0,1.0,4.0
65.0,44.0,24.0,7.0,0.0,1.0
40.0,177.0,119.0,1.0,1.0,3.0
19.0,12.0,92.0,10.0,1.0,4.0
19.0,56.0,47.0,1.0,2.0,4.0
20.0,19.0,19.0,13.0,0.0,4.0
0.0,148.0,110.0,10.0,1.0,4.0
45.0,37.0,33.0,15.0,1.0,3.0
40.0,71.0,57.0,24.0,1.0,1.0
50.0,44.0,24.0,7.0,1.0,5.0
35.0,54.0,46.0,2.0,1.0,1.0
18.0,99.0,78.0,1.0,1.0,4.0
29.0,32.0,15.0,10.0,1.0,28.0
45.0,481.0,221.0,27.0,1.0,5.0
15.0,11.0,11.0,7.0,2.0,4.0
25.0,58.0,5.0,5.0,1.0,4.0
60.0,11.0,11.0,7.0,0.0,4.0
45.0,37.0,33.0,15.0,0.0,0.0
18.0,400.0,265.0,28.0,1.0,4.0
50.0,186.0,136.0,7.0,1.0,1.0
30.0,33.0,29.0,5.0,1.0,3.0
35.0,252.0,160.0,9.0,0.0,5.0
0.0,197.0,29.0,5.0,0.0,4.0
21.0,78.0,63.0,3.0,1.0,5.0
50.0,258.0,136.0,27.0,1.0,0.0
60.0,61.0,266.0,12.0,1.0,5.0
0.0,258.0,267.0,27.0,1.0,4.0
65.0,32.0,15.0,10.0,1.0,3.0
18.0,111.0,221.0,30.0,0.0,4.0
40.0,138.0,268.0,29.0,1.0,5.0
20.0,18.0,18.0,2.0,1.0,3.0
30.0,45.0,5.0,5.0,1.0,20.0
65.0,11.0,11.0,7.0,1.0,5.0
45.0,238.0,77.0,16.0,1.0,0.0
45.0,36.0,32.0,11.0,1.0,0.0
30.0,13.0,61.0,25.0,0.0,4.0
40.0,16.0,16.0,11.0,1.0,8.0
30.0,25.0,24.0,7.0,1.0,5.0
25.0,105.0,36.0,10.0,1.0,3.0
17.0,482.0,15.0,10.0,1.0,9.0
18.0,37.0,33.0,15.0,1.0,13.0
20.0,40.0,36.0,10.0,1.0,3.0
45.0,2.0,2.0,2.0,1.0,5.0
30.0,162.0,120.0,38.0,1.0,4.0
19.0,483.0,73.0,9.0,1.0,1.0
45.0,244.0,15.0,10.0,1.0,5.0
24.0,52.0,15.0,10.0,1.0,4.0
18.0,56.0,47.0,1.0,1.0,1.0
45.0,44.0,24.0,7.0,1.0,13.0
30.0,33.0,29.0,5.0,1.0,3.0
0.0,11.0,11.0,7.0,1.0,4.0
15.0,484.0,106.0,2.0,1.0,4.0
18.0,61.0,65.0,24.0,1.0,4.0
35.0,236.0,61.0,25.0,1.0,5.0
50.0,13.0,61.0,25.0,1.0,2.0
25.0,14.0,14.0,3.0,1.0,5.0
30.0,7.0,15.0,10.0,1.0,4.0
21.0,22.0,22.0,10.0,1.0,1.0
0.0,41.0,52.0,17.0,0.0,4.0
18.0,276.0,234.0,13.0,1.0,5.0
18.0,44.0,24.0,7.0,1.0,4.0
15.0,145.0,30.0,5.0,1.0,1.0
30.0,12.0,92.0,10.0,1.0,4.0
18.0,11.0,11.0,7.0,0.0,13.0
20.0,21.0,21.0,7.0,0.0,1.0
48.0,78.0,63.0,3.0,1.0,3.0
40.0,66.0,51.0,22.0,1.0,0.0
50.0,66.0,51.0,22.0,1.0,5.0
40.0,11.0,11.0,7.0,1.0,3.0
54.0,429.0,269.0,17.0,1.0,3.0
20.0,485.0,270.0,7.0,1.0,4.0
18.0,169.0,125.0,1.0,0.0,0.0
30.0,460.0,167.0,12.0,1.0,0.0
25.0,317.0,130.0,3.0,1.0,4.0
48.0,56.0,47.0,1.0,1.0,45.0
30.0,26.0,25.0,2.0,1.0,4.0
30.0,32.0,15.0,10.0,1.0,4.0
20.0,448.0,250.0,18.0,2.0,4.0
12.0,486.0,257.0,24.0,1.0,4.0
40.0,44.0,24.0,7.0,1.0,5.0
40.0,37.0,33.0,15.0,1.0,5.0
19.0,49.0,223.0,46.0,1.0,5.0
30.0,44.0,24.0,7.0,1.0,1.0
18.0,487.0,271.0,30.0,1.0,5.0
30.0,449.0,92.0,10.0,1.0,4.0
20.0,9.0,9.0,7.0,1.0,14.0
20.0,147.0,109.0,5.0,0.0,3.0
27.0,488.0,272.0,0.0,0.0,0.0
19.0,19.0,19.0,13.0,0.0,4.0
35.0,2.0,2.0,2.0,1.0,3.0
45.0,11.0,11.0,7.0,1.0,3.0
30.0,101.0,80.0,3.0,0.0,0.0
40.0,54.0,80.0,10.0,1.0,5.0
65.0,44.0,24.0,7.0,1.0,5.0
40.0,156.0,115.0,2.0,1.0,4.0
30.0,66.0,51.0,22.0,0.0,4.0
18.0,437.0,273.0,18.0,0.0,0.0
60.0,78.0,63.0,3.0,1.0,0.0
50.0,25.0,24.0,7.0,1.0,1.0
60.0,37.0,33.0,15.0,1.0,5.0
45.0,269.0,22.0,10.0,1.0,1.0
26.0,63.0,5.0,5.0,1.0,1.0
50.0,486.0,51.0,22.0,1.0,5.0
30.0,11.0,11.0,7.0,1.0,13.0
30.0,103.0,81.0,1.0,0.0,0.0
20.0,275.0,65.0,17.0,1.0,5.0
50.0,44.0,24.0,7.0,1.0,0.0
40.0,489.0,227.0,23.0,1.0,5.0
19.0,1.0,1.0,1.0,1.0,5.0
55.0,44.0,24.0,7.0,1.0,1.0
20.0,490.0,274.0,27.0,1.0,1.0
50.0,44.0,24.0,7.0,1.0,0.0
25.0,57.0,48.0,20.0,1.0,5.0
16.0,491.0,275.0,27.0,1.0,4.0
40.0,5.0,5.0,5.0,1.0,4.0
55.0,44.0,24.0,7.0,1.0,0.0
18.0,59.0,64.0,3.0,1.0,31.0
40.0,5.0,5.0,5.0,1.0,1.0
35.0,11.0,11.0,7.0,1.0,5.0
35.0,400.0,51.0,22.0,1.0,0.0
20.0,40.0,36.0,10.0,1.0,3.0
15.0,46.0,29.0,5.0,1.0,1.0
30.0,56.0,47.0,1.0,0.0,17.0
16.0,218.0,12.0,9.0,1.0,1.0
60.0,44.0,24.0,7.0,0.0,5.0
43.0,49.0,54.0,2.0,0.0,3.0
30.0,14.0,14.0,3.0,0.0,3.0
56.0,54.0,46.0,2.0,0.0,5.0
55.0,56.0,47.0,1.0,1.0,0.0
45.0,492.0,211.0,2.0,1.0,5.0
50.0,32.0,15.0,10.0,1.0,5.0
30.0,255.0,6.0,1.0,1.0,13.0
18.0,44.0,24.0,7.0,1.0,3.0
28.0,340.0,154.0,0.0,1.0,5.0
40.0,11.0,11.0,7.0,1.0,1.0
40.0,66.0,51.0,22.0,1.0,0.0
40.0,187.0,36.0,10.0,1.0,5.0
40.0,13.0,61.0,25.0,0.0,3.0
18.0,54.0,46.0,2.0,1.0,13.0
40.0,493.0,162.0,27.0,1.0,1.0
20.0,19.0,19.0,13.0,0.0,0.0
19.0,451.0,276.0,10.0,1.0,5.0
37.0,59.0,49.0,21.0,1.0,4.0
18.0,256.0,127.0,5.0,1.0,38.0
50.0,220.0,162.0,27.0,1.0,5.0
30.0,45.0,5.0,5.0,1.0,38.0
30.0,17.0,17.0,12.0,1.0,30.0
53.0,32.0,15.0,10.0,1.0,1.0
20.0,40.0,36.0,10.0,1.0,3.0
35.0,41.0,52.0,17.0,1.0,0.0
25.0,494.0,15.0,10.0,0.0,28.0
50.0,495.0,162.0,27.0,1.0,3.0
35.0,66.0,51.0,22.0,0.0,7.0
18.0,496.0,86.0,32.0,1.0,0.0
35.0,68.0,15.0,10.0,1.0,1.0
24.0,32.0,15.0,10.0,1.0,1.0
20.0,34.0,30.0,5.0,0.0,4.0
22.0,497.0,277.0,20.0,1.0,46.0
35.0,122.0,278.0,11.0,1.0,14.0
30.0,498.0,220.0,3.0,1.0,5.0
12.0,68.0,107.0,1.0,1.0,5.0
60.0,37.0,33.0,15.0,1.0,0.0
25.0,45.0,5.0,5.0,1.0,47.0
18.0,237.0,127.0,5.0,1.0,4.0
30.0,318.0,107.0,1.0,1.0,3.0
20.0,5.0,5.0,5.0,1.0,1.0
20.0,54.0,46.0,2.0,1.0,1.0
18.0,284.0,36.0,10.0,1.0,4.0
20.0,21.0,21.0,7.0,1.0,4.0
15.0,44.0,24.0,7.0,2.0,4.0
25.0,14.0,14.0,3.0,1.0,3.0
35.0,171.0,127.0,5.0,1.0,1.0
18.0,45.0,5.0,5.0,1.0,4.0
35.0,37.0,33.0,15.0,1.0,5.0
22.0,5.0,5.0,5.0,1.0,1.0
16.0,50.0,42.0,5.0,1.0,1.0
38.0,37.0,33.0,15.0,1.0,5.0
25.0,44.0,24.0,7.0,1.0,6.0
43.0,47.0,39.0,2.0,1.0,3.0
40.0,66.0,51.0,22.0,1.0,1.0
30.0,32.0,15.0,10.0,1.0,4.0
40.0,499.0,22.0,10.0,1.0,3.0
15.0,19.0,19.0,13.0,0.0,4.0
50.0,32.0,15.0,10.0,1.0,1.0
15.0,41.0,52.0,17.0,0.0,0.0
0.0,37.0,33.0,15.0,0.0,5.0
35.0,176.0,130.0,33.0,0.0,0.0
25.0,278.0,166.0,7.0,1.0,5.0
1.0,113.0,15.0,10.0,0.0,3.0
30.0,221.0,92.0,10.0,1.0,5.0
18.0,76.0,36.0,10.0,1.0,3.0
40.0,344.0,15.0,10.0,1.0,3.0
35.0,384.0,219.0,45.0,1.0,5.0
70.0,25.0,24.0,7.0,1.0,13.0
60.0,419.0,225.0,18.0,1.0,5.0
18.0,22.0,22.0,10.0,0.0,0.0
50.0,500.0,127.0,5.0,1.0,1.0
55.0,14.0,14.0,3.0,1.0,5.0
20.0,40.0,36.0,10.0,1.0,3.0
35.0,140.0,175.0,17.0,1.0,0.0
18.0,37.0,33.0,15.0,0.0,0.0
35.0,41.0,52.0,17.0,1.0,0.0
45.0,44.0,24.0,7.0,1.0,4.0
30.0,2.0,2.0,2.0,1.0,5.0
30.0,44.0,24.0,7.0,1.0,0.0
40.0,26.0,25.0,2.0,1.0,0.0
35.0,21.0,21.0,7.0,1.0,5.0
20.0,358.0,210.0,4.0,0.0,2.0
15.0,54.0,46.0,2.0,1.0,3.0
40.0,37.0,33.0,15.0,1.0,5.0
18.0,501.0,233.0,27.0,0.0,6.0
55.0,21.0,21.0,7.0,1.0,5.0
17.0,66.0,51.0,22.0,1.0,4.0
35.0,11.0,11.0,7.0,0.0,3.0
35.0,68.0,15.0,10.0,1.0,23.0
40.0,21.0,21.0,7.0,1.0,5.0
25.0,174.0,5.0,5.0,0.0,1.0
55.0,148.0,110.0,10.0,1.0,5.0
25.0,193.0,14.0,3.0,1.0,5.0
25.0,21.0,21.0,7.0,1.0,4.0
60.0,37.0,33.0,15.0,1.0,0.0
19.0,19.0,19.0,13.0,1.0,5.0
50.0,2.0,2.0,2.0,1.0,4.0
50.0,182.0,61.0,25.0,1.0,3.0
25.0,5.0,5.0,5.0,1.0,1.0
18.0,114.0,57.0,24.0,0.0,0.0
60.0,22.0,22.0,10.0,1.0,5.0
0.0,13.0,61.0,25.0,0.0,5.0
17.0,40.0,36.0,10.0,1.0,3.0
19.0,49.0,279.0,27.0,2.0,4.0
35.0,354.0,280.0,39.0,0.0,5.0
50.0,19.0,19.0,13.0,1.0,0.0
18.0,26.0,25.0,2.0,1.0,4.0
30.0,21.0,21.0,7.0,0.0,0.0
22.0,63.0,5.0,5.0,1.0,1.0
20.0,502.0,281.0,47.0,1.0,22.0
55.0,5.0,5.0,5.0,0.0,5.0
20.0,503.0,282.0,7.0,0.0,0.0
25.0,40.0,36.0,10.0,1.0,3.0
45.0,21.0,21.0,7.0,1.0,0.0
80.0,21.0,21.0,7.0,1.0,1.0
35.0,172.0,30.0,5.0,1.0,5.0
18.0,110.0,87.0,1.0,2.0,4.0
18.0,46.0,29.0,5.0,1.0,4.0
22.0,78.0,63.0,3.0,1.0,5.0
70.0,71.0,57.0,24.0,0.0,5.0
50.0,37.0,33.0,15.0,0.0,0.0
60.0,32.0,15.0,10.0,1.0,1.0
55.0,44.0,24.0,7.0,0.0,4.0
61.0,32.0,15.0,10.0,1.0,5.0
55.0,44.0,24.0,7.0,1.0,5.0
40.0,21.0,21.0,7.0,0.0,5.0
35.0,21.0,21.0,7.0,1.0,3.0
18.0,42.0,5.0,5.0,2.0,4.0
30.0,41.0,52.0,17.0,0.0,0.0
25.0,134.0,102.0,13.0,1.0,0.0
44.0,71.0,57.0,24.0,1.0,5.0
30.0,58.0,5.0,5.0,1.0,1.0
19.0,17.0,17.0,12.0,1.0,1.0
12.0,13.0,61.0,25.0,2.0,4.0
25.0,66.0,51.0,22.0,0.0,0.0
29.0,63.0,5.0,5.0,1.0,1.0
0.0,504.0,265.0,28.0,0.0,4.0
30.0,8.0,8.0,1.0,1.0,3.0
60.0,14.0,14.0,3.0,1.0,0.0
35.0,505.0,283.0,10.0,0.0,5.0
60.0,37.0,33.0,15.0,1.0,5.0
18.0,18.0,18.0,2.0,1.0,4.0
45.0,9.0,9.0,7.0,1.0,0.0
25.0,491.0,275.0,27.0,0.0,0.0
20.0,201.0,5.0,5.0,1.0,1.0
50.0,21.0,21.0,7.0,1.0,5.0
0.0,506.0,162.0,27.0,1.0,4.0
18.0,76.0,36.0,10.0,1.0,3.0
1.0,32.0,15.0,10.0,1.0,4.0
18.0,507.0,87.0,1.0,1.0,4.0
18.0,11.0,11.0,7.0,1.0,6.0
35.0,2.0,2.0,2.0,1.0,3.0
22.0,329.0,25.0,2.0,0.0,5.0
45.0,271.0,142.0,18.0,1.0,4.0
18.0,45.0,5.0,5.0,1.0,4.0
35.0,66.0,51.0,22.0,1.0,5.0
40.0,270.0,61.0,25.0,1.0,4.0
40.0,73.0,15.0,10.0,1.0,3.0
45.0,508.0,57.0,7.0,1.0,0.0
18.0,18.0,18.0,2.0,1.0,3.0
40.0,2.0,2.0,2.0,1.0,4.0
26.0,58.0,5.0,5.0,1.0,1.0
30.0,44.0,24.0,7.0,1.0,1.0
30.0,14.0,14.0,3.0,0.0,5.0
60.0,13.0,61.0,25.0,1.0,4.0
55.0,509.0,284.0,1.0,1.0,5.0
20.0,24.0,22.0,10.0,1.0,9.0
50.0,45.0,5.0,5.0,1.0,1.0
30.0,182.0,61.0,25.0,1.0,5.0
35.0,358.0,210.0,4.0,1.0,2.0
30.0,60.0,50.0,16.0,1.0,0.0
30.0,510.0,285.0,10.0,1.0,1.0
20.0,351.0,73.0,2.0,1.0,3.0
25.0,9.0,9.0,7.0,1.0,5.0
35.0,21.0,21.0,7.0,1.0,5.0
50.0,511.0,8.0,16.0,1.0,0.0
40.0,19.0,19.0,13.0,1.0,0.0
50.0,59.0,49.0,21.0,1.0,0.0
29.0,11.0,5.0,5.0,1.0,1.0
18.0,258.0,148.0,10.0,0.0,5.0
45.0,59.0,49.0,21.0,1.0,5.0
36.0,512.0,15.0,10.0,1.0,5.0
0.0,2.0,2.0,2.0,0.0,3.0
40.0,513.0,234.0,21.0,1.0,0.0
25.0,40.0,36.0,10.0,1.0,3.0
18.0,21.0,21.0,7.0,1.0,4.0
35.0,14.0,14.0,3.0,1.0,3.0
53.0,26.0,25.0,2.0,1.0,0.0
20.0,10.0,10.0,8.0,1.0,0.0
40.0,17.0,17.0,12.0,1.0,0.0
45.0,32.0,15.0,10.0,1.0,1.0
32.0,32.0,15.0,10.0,1.0,13.0
60.0,13.0,61.0,25.0,1.0,5.0
20.0,9.0,9.0,7.0,1.0,5.0
15.0,2.0,2.0,2.0,0.0,4.0
30.0,283.0,174.0,30.0,1.0,4.0
25.0,109.0,86.0,32.0,1.0,5.0
17.0,44.0,24.0,7.0,1.0,0.0
40.0,66.0,51.0,22.0,1.0,0.0
35.0,44.0,24.0,7.0,1.0,5.0
30.0,339.0,286.0,3.0,2.0,3.0
40.0,9.0,9.0,7.0,1.0,0.0
29.0,5.0,5.0,5.0,1.0,4.0
20.0,44.0,24.0,7.0,1.0,1.0
25.0,17.0,17.0,12.0,0.0,0.0
22.0,514.0,205.0,33.0,1.0,4.0
18.0,515.0,107.0,1.0,1.0,4.0
18.0,5.0,5.0,5.0,1.0,10.0
35.0,34.0,30.0,5.0,1.0,3.0
18.0,2.0,2.0,2.0,1.0,3.0
16.0,281.0,173.0,5.0,0.0,4.0
15.0,256.0,127.0,5.0,0.0,1.0
30.0,402.0,226.0,26.0,0.0,40.0
45.0,37.0,33.0,15.0,1.0,5.0
0.0,17.0,17.0,12.0,1.0,4.0
40.0,16.0,16.0,11.0,1.0,0.0
21.0,252.0,160.0,9.0,1.0,5.0
54.0,5.0,5.0,5.0,1.0,5.0
40.0,2.0,2.0,2.0,1.0,0.0
60.0,47.0,39.0,2.0,1.0,3.0
20.0,26.0,25.0,2.0,1.0,0.0
40.0,133.0,261.0,2.0,1.0,5.0
20.0,11.0,11.0,7.0,1.0,1.0
20.0,131.0,65.0,3.0,0.0,0.0
16.0,22.0,22.0,10.0,0.0,1.0
44.0,32.0,15.0,10.0,1.0,0.0
30.0,44.0,24.0,7.0,1.0,0.0
35.0,516.0,138.0,7.0,0.0,4.0
40.0,17.0,17.0,12.0,1.0,3.0
44.0,517.0,6.0,24.0,1.0,5.0
55.0,56.0,47.0,1.0,1.0,0.0
30.0,17.0,17.0,12.0,1.0,4.0
40.0,127.0,113.0,36.0,0.0,13.0
45.0,14.0,14.0,3.0,1.0,5.0
24.0,268.0,168.0,16.0,0.0,0.0
24.0,518.0,92.0,10.0,0.0,4.0
25.0,66.0,51.0,22.0,1.0,5.0
45.0,37.0,33.0,15.0,1.0,5.0
50.0,519.0,25.0,14.0,1.0,3.0
45.0,129.0,101.0,26.0,1.0,5.0
45.0,9.0,9.0,7.0,1.0,0.0
25.0,429.0,251.0,21.0,1.0,1.0
50.0,14.0,14.0,3.0,1.0,5.0
35.0,73.0,15.0,10.0,1.0,1.0
15.0,11.0,5.0,5.0,1.0,1.0
45.0,66.0,51.0,22.0,0.0,0.0
60.0,520.0,287.0,37.0,1.0,5.0
60.0,19.0,19.0,13.0,1.0,5.0
25.0,37.0,33.0,15.0,0.0,0.0
50.0,199.0,288.0,15.0,1.0,5.0
35.0,2.0,2.0,2.0,0.0,0.0
45.0,44.0,24.0,7.0,1.0,13.0
30.0,201.0,5.0,5.0,1.0,1.0
18.0,40.0,36.0,10.0,1.0,3.0
50.0,256.0,127.0,5.0,1.0,4.0
40.0,16.0,16.0,11.0,1.0,48.0
50.0,17.0,17.0,12.0,1.0,0.0
40.0,10.0,10.0,8.0,1.0,5.0
14.0,229.0,47.0,24.0,1.0,4.0
12.0,521.0,289.0,30.0,2.0,4.0
20.0,26.0,25.0,2.0,1.0,5.0
35.0,330.0,290.0,48.0,1.0,10.0
0.0,129.0,101.0,26.0,0.0,0.0
30.0,44.0,24.0,7.0,1.0,0.0
55.0,32.0,15.0,10.0,1.0,5.0
60.0,32.0,15.0,10.0,1.0,13.0
20.0,522.0,291.0,26.0,1.0,49.0
50.0,523.0,10.0,8.0,1.0,0.0
35.0,41.0,52.0,17.0,0.0,0.0
16.0,5.0,5.0,5.0,2.0,4.0
45.0,32.0,15.0,10.0,1.0,13.0
60.0,80.0,6.0,1.0,1.0,3.0
25.0,127.0,113.0,36.0,1.0,0.0
79.0,524.0,6.0,24.0,0.0,5.0
18.0,63.0,5.0,5.0,0.0,1.0
45.0,310.0,130.0,3.0,1.0,5.0
20.0,45.0,5.0,5.0,1.0,1.0
55.0,44.0,24.0,7.0,1.0,0.0
40.0,2.0,2.0,2.0,1.0,5.0
60.0,21.0,21.0,7.0,1.0,0.0
30.0,248.0,157.0,10.0,1.0,4.0
18.0,45.0,5.0,5.0,1.0,4.0
18.0,56.0,47.0,1.0,1.0,1.0
20.0,350.0,92.0,10.0,1.0,3.0
50.0,216.0,25.0,2.0,0.0,4.0
35.0,525.0,292.0,23.0,1.0,0.0
25.0,11.0,11.0,7.0,1.0,17.0
27.0,46.0,29.0,5.0,1.0,4.0
50.0,2.0,2.0,2.0,1.0,3.0
25.0,9.0,9.0,7.0,1.0,3.0
45.0,2.0,2.0,2.0,1.0,5.0
44.0,1.0,1.0,1.0,1.0,5.0
18.0,16.0,16.0,11.0,1.0,3.0
35.0,15.0,15.0,10.0,1.0,5.0
40.0,32.0,15.0,10.0,0.0,0.0
24.0,2.0,2.0,2.0,1.0,22.0
30.0,21.0,21.0,7.0,1.0,0.0
20.0,11.0,11.0,7.0,1.0,3.0
16.0,21.0,21.0,7.0,0.0,5.0
57.0,32.0,15.0,10.0,1.0,5.0
18.0,526.0,225.0,25.0,1.0,4.0
50.0,124.0,43.0,10.0,1.0,5.0
35.0,17.0,17.0,12.0,1.0,3.0
50.0,17.0,17.0,12.0,1.0,5.0
11.0,36.0,32.0,11.0,2.0,4.0
50.0,32.0,15.0,10.0,1.0,5.0
13.0,475.0,102.0,13.0,0.0,0.0
30.0,37.0,33.0,15.0,1.0,3.0
25.0,10.0,10.0,8.0,1.0,0.0
30.0,63.0,5.0,5.0,1.0,1.0
45.0,37.0,33.0,15.0,1.0,5.0
50.0,482.0,15.0,10.0,0.0,3.0
20.0,21.0,21.0,7.0,0.0,0.0
30.0,2.0,2.0,2.0,1.0,3.0
50.0,17.0,17.0,12.0,1.0,5.0
40.0,44.0,24.0,7.0,1.0,0.0
20.0,14.0,14.0,3.0,1.0,14.0
20.0,379.0,214.0,8.0,0.0,10.0
20.0,76.0,36.0,10.0,0.0,3.0
60.0,207.0,143.0,12.0,1.0,0.0
50.0,33.0,29.0,5.0,1.0,5.0
30.0,527.0,293.0,29.0,0.0,4.0
45.0,171.0,22.0,10.0,1.0,1.0
20.0,22.0,22.0,10.0,1.0,1.0
39.0,68.0,15.0,10.0,1.0,5.0
40.0,22.0,22.0,10.0,1.0,5.0
3.0,499.0,22.0,10.0,2.0,4.0
8.0,528.0,10.0,30.0,2.0,4.0
18.0,376.0,127.0,5.0,1.0,1.0
21.0,46.0,29.0,5.0,1.0,1.0
30.0,66.0,51.0,22.0,1.0,0.0
27.0,46.0,29.0,5.0,1.0,10.0
50.0,19.0,19.0,13.0,1.0,4.0
30.0,32.0,15.0,10.0,1.0,3.0
40.0,524.0,6.0,24.0,1.0,5.0
40.0,182.0,61.0,25.0,1.0,1.0
15.0,37.0,33.0,15.0,1.0,3.0
35.0,66.0,51.0,22.0,1.0,0.0
60.0,44.0,24.0,7.0,1.0,4.0
77.0,346.0,65.0,24.0,1.0,5.0
65.0,71.0,57.0,24.0,1.0,5.0
16.0,15.0,15.0,10.0,1.0,1.0
18.0,41.0,52.0,17.0,1.0,3.0
20.0,352.0,53.0,10.0,1.0,3.0
55.0,238.0,77.0,16.0,1.0,0.0
25.0,36.0,32.0,11.0,1.0,5.0
0.0,13.0,61.0,25.0,1.0,5.0
50.0,529.0,265.0,28.0,2.0,4.0
25.0,106.0,5.0,5.0,1.0,10.0
16.0,58.0,5.0,5.0,0.0,1.0
30.0,11.0,11.0,7.0,0.0,5.0
15.0,420.0,174.0,17.0,0.0,0.0
20.0,60.0,50.0,16.0,0.0,4.0
24.0,530.0,107.0,1.0,1.0,4.0
15.0,531.0,80.0,10.0,0.0,4.0
25.0,13.0,61.0,25.0,0.0,5.0
25.0,37.0,33.0,15.0,1.0,3.0
35.0,283.0,294.0,30.0,1.0,5.0
20.0,532.0,56.0,12.0,0.0,0.0
25.0,418.0,42.0,5.0,1.0,3.0
18.0,2.0,2.0,2.0,1.0,0.0
21.0,252.0,160.0,9.0,1.0,5.0
30.0,533.0,285.0,10.0,1.0,1.0
35.0,377.0,212.0,23.0,1.0,3.0
15.0,256.0,127.0,5.0,1.0,1.0
20.0,410.0,195.0,20.0,1.0,5.0
48.0,161.0,119.0,1.0,1.0,5.0
36.0,23.0,23.0,3.0,1.0,5.0
50.0,22.0,22.0,10.0,1.0,1.0
15.0,347.0,226.0,26.0,2.0,4.0
16.0,40.0,36.0,10.0,1.0,3.0
40.0,66.0,51.0,22.0,1.0,0.0
18.0,266.0,295.0,3.0,1.0,3.0
13.0,534.0,296.0,3.0,1.0,4.0
25.0,37.0,33.0,15.0,1.0,5.0
40.0,44.0,24.0,7.0,0.0,5.0
40.0,54.0,46.0,2.0,1.0,0.0
20.0,37.0,33.0,15.0,1.0,3.0
15.0,66.0,51.0,22.0,1.0,0.0
25.0,211.0,146.0,29.0,1.0,3.0
20.0,33.0,29.0,5.0,1.0,3.0
50.0,32.0,15.0,10.0,1.0,1.0
20.0,66.0,51.0,22.0,1.0,0.0
18.0,10.0,10.0,8.0,1.0,0.0
40.0,2.0,2.0,2.0,1.0,5.0
45.0,9.0,9.0,7.0,1.0,17.0
25.0,148.0,110.0,10.0,1.0,0.0
18.0,184.0,102.0,13.0,1.0,22.0
0.0,186.0,136.0,7.0,1.0,3.0
18.0,244.0,15.0,10.0,1.0,3.0
50.0,25.0,24.0,7.0,1.0,0.0
40.0,32.0,15.0,10.0,1.0,3.0
18.0,34.0,30.0,5.0,0.0,1.0
40.0,66.0,51.0,22.0,1.0,5.0
0.0,21.0,21.0,7.0,1.0,4.0
50.0,44.0,24.0,7.0,1.0,0.0
25.0,125.0,209.0,10.0,1.0,5.0
25.0,32.0,15.0,10.0,1.0,3.0
0.0,2.0,2.0,2.0,1.0,4.0
30.0,21.0,21.0,7.0,1.0,5.0
30.0,58.0,5.0,5.0,1.0,1.0
30.0,88.0,61.0,25.0,1.0,1.0
40.0,17.0,17.0,12.0,1.0,5.0
30.0,463.0,36.0,10.0,1.0,3.0
30.0,32.0,15.0,10.0,0.0,3.0
0.0,13.0,61.0,25.0,0.0,0.0
35.0,44.0,9.0,7.0,0.0,3.0
75.0,32.0,15.0,10.0,1.0,5.0
70.0,212.0,134.0,24.0,1.0,5.0
40.0,35.0,31.0,3.0,1.0,5.0
50.0,66.0,51.0,22.0,1.0,0.0
30.0,123.0,97.0,20.0,1.0,5.0
20.0,329.0,25.0,2.0,0.0,0.0
18.0,5.0,5.0,5.0,1.0,1.0
65.0,162.0,120.0,38.0,1.0,4.0
50.0,2.0,2.0,2.0,1.0,13.0
18.0,34.0,30.0,5.0,1.0,9.0
25.0,2.0,2.0,2.0,1.0,3.0
20.0,535.0,31.0,3.0,1.0,5.0
30.0,533.0,285.0,10.0,1.0,4.0
25.0,536.0,297.0,0.0,1.0,5.0
40.0,156.0,115.0,2.0,1.0,5.0
45.0,127.0,113.0,36.0,1.0,4.0
35.0,247.0,127.0,5.0,1.0,4.0
18.0,2.0,2.0,2.0,0.0,4.0
18.0,283.0,174.0,30.0,1.0,5.0
30.0,18.0,18.0,2.0,1.0,3.0
45.0,11.0,11.0,7.0,1.0,13.0
18.0,35.0,31.0,3.0,1.0,3.0
35.0,66.0,51.0,22.0,1.0,5.0
25.0,44.0,24.0,7.0,1.0,4.0
71.0,524.0,6.0,24.0,1.0,0.0
20.0,41.0,52.0,17.0,0.0,0.0
20.0,14.0,14.0,3.0,1.0,4.0
40.0,21.0,21.0,7.0,1.0,0.0
20.0,201.0,5.0,5.0,1.0,1.0
18.0,537.0,298.0,41.0,1.0,5.0
55.0,9.0,9.0,7.0,1.0,0.0
20.0,18.0,18.0,2.0,1.0,3.0
20.0,66.0,51.0,22.0,0.0,0.0
35.0,44.0,24.0,7.0,1.0,4.0
40.0,242.0,33.0,15.0,1.0,3.0
18.0,201.0,5.0,5.0,1.0,4.0
20.0,21.0,21.0,7.0,0.0,5.0
50.0,538.0,47.0,1.0,1.0,5.0
35.0,17.0,17.0,12.0,1.0,5.0
35.0,11.0,11.0,7.0,1.0,28.0
20.0,26.0,25.0,2.0,1.0,5.0
20.0,539.0,197.0,2.0,0.0,3.0
75.0,71.0,57.0,24.0,0.0,5.0
40.0,308.0,100.0,7.0,1.0,4.0
55.0,32.0,15.0,10.0,1.0,5.0
20.0,40.0,36.0,10.0,0.0,3.0
30.0,11.0,11.0,7.0,0.0,13.0
40.0,2.0,2.0,2.0,1.0,3.0
0.0,9.0,9.0,7.0,1.0,4.0
27.0,79.0,64.0,3.0,1.0,5.0
18.0,46.0,29.0,5.0,1.0,4.0
20.0,436.0,177.0,10.0,1.0,5.0
27.0,147.0,109.0,5.0,1.0,5.0
20.0,49.0,90.0,23.0,1.0,0.0
30.0,44.0,24.0,7.0,0.0,0.0
18.0,5.0,5.0,5.0,1.0,4.0
18.0,516.0,213.0,29.0,0.0,19.0
30.0,19.0,19.0,13.0,1.0,5.0
30.0,19.0,19.0,13.0,1.0,0.0
40.0,32.0,15.0,10.0,1.0,1.0
17.0,33.0,29.0,5.0,1.0,3.0
13.0,63.0,5.0,5.0,0.0,4.0
40.0,32.0,15.0,10.0,0.0,5.0
50.0,66.0,51.0,22.0,1.0,0.0
25.0,32.0,15.0,10.0,1.0,1.0
24.0,32.0,15.0,10.0,1.0,9.0
16.0,45.0,5.0,5.0,1.0,1.0
50.0,11.0,11.0,7.0,1.0,5.0
63.0,32.0,15.0,10.0,1.0,50.0
35.0,364.0,52.0,17.0,1.0,0.0
18.0,40.0,36.0,10.0,2.0,4.0
25.0,18.0,18.0,2.0,1.0,3.0
25.0,21.0,21.0,7.0,0.0,0.0
19.0,17.0,17.0,12.0,1.0,4.0
40.0,540.0,102.0,13.0,1.0,0.0
40.0,66.0,51.0,22.0,1.0,4.0
40.0,19.0,19.0,13.0,1.0,0.0
40.0,162.0,120.0,38.0,0.0,5.0
25.0,17.0,17.0,12.0,0.0,0.0
45.0,235.0,33.0,15.0,1.0,17.0
40.0,21.0,21.0,7.0,1.0,1.0
50.0,37.0,33.0,15.0,0.0,0.0
30.0,17.0,17.0,12.0,1.0,0.0
28.0,59.0,299.0,44.0,1.0,22.0
50.0,14.0,14.0,3.0,1.0,5.0
50.0,26.0,25.0,2.0,0.0,0.0
30.0,11.0,11.0,7.0,1.0,1.0
30.0,541.0,186.0,10.0,1.0,14.0
48.0,14.0,14.0,3.0,1.0,5.0
25.0,162.0,120.0,38.0,1.0,4.0
30.0,44.0,24.0,7.0,1.0,5.0
20.0,419.0,233.0,28.0,2.0,4.0
50.0,40.0,36.0,10.0,1.0,5.0
54.0,32.0,15.0,10.0,1.0,1.0
30.0,11.0,11.0,7.0,1.0,1.0
29.0,67.0,54.0,2.0,0.0,3.0
27.0,410.0,195.0,20.0,1.0,8.0
30.0,9.0,9.0,7.0,1.0,3.0
40.0,168.0,15.0,10.0,1.0,1.0
44.0,261.0,164.0,17.0,1.0,0.0
30.0,26.0,25.0,2.0,1.0,0.0
0.0,27.0,26.0,3.0,0.0,4.0
40.0,258.0,148.0,10.0,1.0,5.0
12.0,364.0,52.0,17.0,0.0,4.0
60.0,19.0,19.0,13.0,1.0,0.0
17.0,186.0,136.0,7.0,1.0,1.0
50.0,17.0,17.0,12.0,1.0,3.0
30.0,127.0,113.0,36.0,1.0,4.0
50.0,21.0,21.0,7.0,1.0,1.0
49.0,5.0,5.0,5.0,1.0,5.0
25.0,11.0,11.0,7.0,1.0,22.0
40.0,421.0,153.0,0.0,1.0,5.0
20.0,542.0,300.0,24.0,1.0,7.0
20.0,540.0,102.0,13.0,1.0,0.0
40.0,156.0,115.0,2.0,1.0,5.0
40.0,178.0,131.0,23.0,0.0,51.0
25.0,543.0,16.0,11.0,0.0,5.0
45.0,66.0,51.0,22.0,1.0,0.0
20.0,63.0,5.0,5.0,0.0,4.0
25.0,32.0,15.0,10.0,1.0,9.0
50.0,125.0,82.0,25.0,1.0,5.0
40.0,544.0,25.0,2.0,0.0,10.0
40.0,11.0,11.0,7.0,1.0,13.0
40.0,37.0,33.0,15.0,1.0,0.0
30.0,410.0,195.0,20.0,1.0,52.0
20.0,198.0,301.0,2.0,0.0,4.0
25.0,21.0,21.0,7.0,1.0,5.0
14.0,33.0,29.0,5.0,1.0,5.0
50.0,305.0,19.0,13.0,1.0,5.0
35.0,285.0,177.0,10.0,1.0,0.0
18.0,8.0,8.0,1.0,1.0,10.0
36.0,545.0,23.0,3.0,0.0,5.0
55.0,37.0,33.0,15.0,1.0,0.0
18.0,546.0,189.0,15.0,1.0,3.0
45.0,535.0,31.0,3.0,1.0,0.0
40.0,36.0,32.0,11.0,1.0,5.0
50.0,11.0,11.0,7.0,1.0,5.0
15.0,36.0,32.0,11.0,1.0,3.0
40.0,547.0,302.0,2.0,1.0,1.0
17.0,11.0,11.0,7.0,0.0,0.0
20.0,18.0,18.0,2.0,1.0,3.0
13.0,548.0,195.0,20.0,0.0,13.0
18.0,549.0,117.0,3.0,1.0,5.0
18.0,115.0,90.0,23.0,1.0,4.0
16.0,256.0,127.0,5.0,1.0,1.0
21.0,45.0,5.0,5.0,1.0,1.0
26.0,63.0,30.0,5.0,1.0,1.0
40.0,244.0,15.0,10.0,1.0,6.0
19.0,39.0,303.0,27.0,1.0,5.0
20.0,18.0,18.0,2.0,1.0,3.0
40.0,11.0,11.0,7.0,0.0,4.0
30.0,32.0,15.0,10.0,0.0,0.0
18.0,107.0,138.0,7.0,1.0,4.0
40.0,9.0,9.0,7.0,1.0,1.0
60.0,19.0,19.0,13.0,1.0,5.0
50.0,25.0,24.0,7.0,1.0,22.0
0.0,98.0,304.0,15.0,2.0,4.0
30.0,32.0,15.0,10.0,1.0,1.0
26.0,58.0,5.0,5.0,1.0,1.0
0.0,496.0,213.0,29.0,0.0,4.0
17.0,11.0,5.0,5.0,1.0,1.0
32.0,252.0,160.0,9.0,1.0,4.0
0.0,47.0,39.0,2.0,0.0,23.0
30.0,550.0,305.0,3.0,1.0,5.0
40.0,22.0,22.0,10.0,1.0,0.0
40.0,66.0,51.0,22.0,1.0,5.0
35.0,32.0,15.0,10.0,1.0,3.0
25.0,278.0,166.0,7.0,1.0,5.0
25.0,44.0,24.0,7.0,1.0,53.0
34.0,2.0,2.0,2.0,0.0,4.0
35.0,5.0,5.0,5.0,1.0,5.0
20.0,82.0,65.0,24.0,0.0,4.0
20.0,551.0,306.0,49.0,1.0,3.0
40.0,66.0,51.0,22.0,1.0,0.0
60.0,37.0,33.0,15.0,1.0,5.0
20.0,252.0,160.0,9.0,1.0,5.0
69.0,516.0,57.0,24.0,0.0,5.0
20.0,76.0,36.0,10.0,1.0,1.0
24.0,552.0,307.0,18.0,1.0,5.0
60.0,47.0,39.0,2.0,1.0,20.0
60.0,19.0,19.0,13.0,1.0,0.0
40.0,44.0,24.0,7.0,1.0,0.0
25.0,380.0,92.0,10.0,0.0,4.0
15.0,404.0,162.0,27.0,1.0,1.0
23.0,5.0,5.0,5.0,0.0,4.0
40.0,44.0,24.0,7.0,1.0,5.0
26.0,45.0,5.0,5.0,1.0,1.0
18.0,40.0,36.0,10.0,1.0,3.0
21.0,63.0,5.0,5.0,1.0,1.0
30.0,17.0,17.0,12.0,1.0,0.0
45.0,66.0,51.0,22.0,0.0,0.0
20.0,553.0,65.0,2.0,1.0,0.0
35.0,379.0,53.0,10.0,0.0,3.0
50.0,44.0,24.0,7.0,1.0,0.0
20.0,554.0,127.0,5.0,1.0,5.0
30.0,19.0,19.0,13.0,1.0,4.0
40.0,32.0,15.0,10.0,1.0,1.0
45.0,313.0,251.0,21.0,0.0,0.0
17.0,323.0,197.0,2.0,1.0,3.0
19.0,396.0,174.0,31.0,1.0,0.0
43.0,148.0,110.0,10.0,1.0,5.0
30.0,2.0,2.0,2.0,1.0,3.0
30.0,85.0,153.0,40.0,0.0,13.0
30.0,182.0,61.0,25.0,1.0,5.0
50.0,37.0,33.0,15.0,1.0,0.0
30.0,19.0,19.0,13.0,0.0,0.0
25.0,186.0,136.0,7.0,1.0,1.0
20.0,479.0,92.0,10.0,1.0,1.0
20.0,49.0,90.0,23.0,0.0,0.0
30.0,208.0,15.0,10.0,1.0,1.0
25.0,76.0,36.0,10.0,1.0,3.0
21.0,66.0,51.0,22.0,1.0,4.0
25.0,555.0,308.0,15.0,0.0,4.0
25.0,25.0,24.0,7.0,1.0,0.0
20.0,11.0,11.0,7.0,1.0,3.0
55.0,21.0,21.0,7.0,1.0,0.0
20.0,295.0,205.0,33.0,1.0,1.0
50.0,245.0,80.0,10.0,1.0,10.0
0.0,13.0,61.0,25.0,1.0,5.0
23.0,556.0,33.0,15.0,0.0,5.0
30.0,14.0,14.0,3.0,1.0,0.0
50.0,44.0,24.0,7.0,1.0,5.0
24.0,26.0,309.0,17.0,1.0,8.0
36.0,5.0,5.0,5.0,1.0,4.0
27.0,557.0,47.0,24.0,1.0,4.0
25.0,558.0,310.0,8.0,1.0,0.0
30.0,44.0,24.0,7.0,1.0,5.0
30.0,21.0,21.0,7.0,1.0,0.0
30.0,76.0,36.0,10.0,1.0,3.0
25.0,11.0,11.0,7.0,1.0,4.0
70.0,28.0,15.0,10.0,1.0,3.0
18.0,18.0,18.0,2.0,1.0,1.0
16.0,147.0,109.0,5.0,0.0,1.0
60.0,44.0,24.0,7.0,1.0,5.0
40.0,559.0,311.0,0.0,1.0,5.0
21.0,33.0,29.0,5.0,1.0,3.0
18.0,19.0,19.0,13.0,1.0,0.0
25.0,5.0,5.0,5.0,1.0,10.0
40.0,101.0,80.0,3.0,1.0,5.0
30.0,313.0,288.0,15.0,1.0,3.0
35.0,171.0,127.0,5.0,1.0,1.0
40.0,159.0,312.0,13.0,0.0,5.0
40.0,9.0,9.0,7.0,1.0,5.0
19.0,41.0,52.0,17.0,1.0,5.0
30.0,21.0,21.0,7.0,1.0,5.0
14.0,66.0,51.0,22.0,1.0,0.0
30.0,2.0,2.0,2.0,1.0,1.0
24.0,32.0,15.0,10.0,1.0,5.0
40.0,22.0,22.0,10.0,1.0,1.0
19.0,177.0,119.0,1.0,1.0,1.0
20.0,544.0,25.0,2.0,1.0,0.0
24.0,2.0,2.0,2.0,0.0,54.0
45.0,56.0,47.0,1.0,1.0,0.0
55.0,21.0,21.0,7.0,1.0,0.0
16.0,19.0,19.0,13.0,1.0,0.0
40.0,41.0,52.0,17.0,1.0,0.0
30.0,26.0,25.0,2.0,1.0,4.0
18.0,152.0,5.0,5.0,1.0,4.0
13.0,92.0,73.0,2.0,1.0,3.0
14.0,560.0,313.0,26.0,0.0,4.0
18.0,224.0,15.0,10.0,1.0,3.0
25.0,143.0,92.0,10.0,1.0,4.0
27.0,46.0,29.0,5.0,1.0,3.0
19.0,19.0,19.0,13.0,0.0,1.0
20.0,46.0,29.0,5.0,1.0,3.0
45.0,258.0,136.0,27.0,1.0,0.0
40.0,2.0,2.0,2.0,1.0,55.0
62.0,397.0,47.0,24.0,1.0,5.0
18.0,283.0,314.0,8.0,1.0,3.0
55.0,66.0,51.0,22.0,1.0,0.0
69.0,561.0,65.0,24.0,0.0,5.0
27.0,46.0,29.0,5.0,1.0,3.0
21.0,394.0,26.0,3.0,0.0,5.0
20.0,129.0,101.0,26.0,1.0,4.0
25.0,46.0,29.0,5.0,1.0,5.0
40.0,21.0,21.0,7.0,1.0,5.0
25.0,18.0,18.0,2.0,1.0,1.0
20.0,92.0,73.0,2.0,1.0,5.0
50.0,21.0,21.0,7.0,0.0,5.0
30.0,18.0,18.0,2.0,1.0,3.0
25.0,11.0,11.0,7.0,0.0,4.0
37.0,32.0,15.0,10.0,1.0,1.0
16.0,26.0,25.0,2.0,1.0,5.0
25.0,32.0,15.0,10.0,1.0,56.0
40.0,562.0,52.0,17.0,1.0,0.0
40.0,2.0,2.0,2.0,1.0,0.0
35.0,44.0,24.0,7.0,0.0,4.0
20.0,19.0,19.0,13.0,0.0,0.0
13.0,5.0,5.0,5.0,1.0,1.0
65.0,153.0,47.0,24.0,0.0,5.0
35.0,92.0,80.0,10.0,1.0,51.0
22.0,19.0,19.0,13.0,0.0,6.0
25.0,559.0,315.0,2.0,0.0,1.0
20.0,185.0,86.0,37.0,1.0,4.0
40.0,21.0,21.0,7.0,1.0,0.0
70.0,32.0,15.0,10.0,1.0,5.0
18.0,21.0,21.0,7.0,1.0,1.0
18.0,109.0,86.0,32.0,1.0,0.0
45.0,18.0,18.0,2.0,1.0,3.0
25.0,2.0,2.0,2.0,1.0,13.0
65.0,186.0,136.0,7.0,1.0,5.0
50.0,274.0,170.0,11.0,1.0,5.0
30.0,22.0,22.0,10.0,1.0,4.0
35.0,563.0,316.0,13.0,1.0,4.0
40.0,47.0,39.0,2.0,1.0,5.0
40.0,2.0,2.0,2.0,1.0,5.0
35.0,101.0,80.0,3.0,1.0,5.0
25.0,66.0,51.0,22.0,0.0,0.0
13.0,66.0,51.0,22.0,0.0,12.0
20.0,46.0,29.0,5.0,1.0,3.0
33.0,147.0,109.0,5.0,1.0,1.0
20.0,352.0,53.0,10.0,1.0,4.0
30.0,2.0,2.0,2.0,1.0,5.0
45.0,424.0,119.0,1.0,1.0,3.0
25.0,21.0,21.0,7.0,1.0,5.0
25.0,157.0,116.0,9.0,1.0,3.0
40.0,245.0,47.0,1.0,1.0,0.0
30.0,143.0,29.0,5.0,1.0,1.0
60.0,346.0,65.0,24.0,1.0,5.0
20.0,18.0,18.0,2.0,1.0,3.0
45.0,37.0,33.0,15.0,1.0,57.0
0.0,347.0,52.0,17.0,1.0,4.0
13.0,22.0,22.0,10.0,0.0,36.0
25.0,176.0,130.0,33.0,1.0,1.0
18.0,414.0,162.0,27.0,1.0,1.0
25.0,33.0,29.0,5.0,0.0,4.0
35.0,37.0,33.0,15.0,0.0,9.0
65.0,32.0,15.0,10.0,0.0,5.0
25.0,66.0,51.0,22.0,0.0,5.0
20.0,176.0,130.0,33.0,1.0,1.0
35.0,11.0,11.0,7.0,1.0,5.0
21.0,564.0,317.0,33.0,0.0,5.0
45.0,2.0,2.0,2.0,1.0,5.0
18.0,256.0,127.0,5.0,0.0,1.0
30.0,11.0,11.0,7.0,1.0,5.0
29.0,377.0,138.0,15.0,0.0,0.0
40.0,156.0,115.0,2.0,1.0,1.0
40.0,14.0,14.0,3.0,1.0,5.0
40.0,44.0,24.0,7.0,1.0,28.0
0.0,41.0,52.0,17.0,1.0,5.0
35.0,37.0,33.0,15.0,1.0,0.0
40.0,32.0,15.0,10.0,0.0,28.0
16.0,92.0,73.0,2.0,1.0,1.0
30.0,565.0,84.0,10.0,1.0,5.0
20.0,76.0,36.0,10.0,1.0,3.0
30.0,56.0,47.0,1.0,0.0,0.0
35.0,66.0,51.0,22.0,1.0,0.0
40.0,37.0,33.0,15.0,1.0,23.0
40.0,2.0,2.0,2.0,1.0,1.0
40.0,142.0,64.0,3.0,1.0,5.0
40.0,217.0,318.0,0.0,0.0,0.0
29.0,169.0,125.0,1.0,1.0,5.0
40.0,566.0,80.0,7.0,1.0,5.0
45.0,37.0,33.0,15.0,1.0,5.0
75.0,237.0,6.0,24.0,1.0,5.0
45.0,17.0,17.0,12.0,1.0,5.0
18.0,11.0,5.0,5.0,0.0,4.0
20.0,92.0,73.0,2.0,1.0,3.0
18.0,45.0,5.0,5.0,0.0,1.0
18.0,76.0,36.0,10.0,1.0,3.0
14.0,27.0,26.0,3.0,2.0,51.0
0.0,44.0,24.0,7.0,0.0,5.0
28.0,157.0,116.0,9.0,0.0,13.0
60.0,44.0,24.0,7.0,1.0,0.0
25.0,18.0,18.0,2.0,1.0,3.0
35.0,21.0,21.0,7.0,1.0,1.0
40.0,14.0,14.0,3.0,1.0,44.0
18.0,14.0,14.0,3.0,1.0,0.0
20.0,11.0,11.0,7.0,1.0,5.0
23.0,51.0,43.0,10.0,1.0,5.0
30.0,463.0,36.0,10.0,1.0,3.0
20.0,500.0,5.0,5.0,0.0,1.0
50.0,37.0,33.0,15.0,1.0,5.0
30.0,9.0,9.0,7.0,1.0,0.0
50.0,85.0,68.0,18.0,0.0,4.0
45.0,17.0,319.0,11.0,1.0,5.0
25.0,19.0,19.0,13.0,1.0,0.0
55.0,26.0,25.0,2.0,1.0,1.0
33.0,33.0,29.0,5.0,1.0,1.0
20.0,45.0,5.0,5.0,0.0,10.0
16.0,44.0,24.0,7.0,1.0,13.0
50.0,9.0,9.0,7.0,0.0,0.0
50.0,19.0,19.0,13.0,1.0,5.0
45.0,26.0,25.0,2.0,1.0,5.0
18.0,40.0,36.0,10.0,1.0,4.0
60.0,148.0,110.0,10.0,1.0,5.0
25.0,559.0,311.0,0.0,1.0,4.0
45.0,403.0,227.0,23.0,1.0,5.0
30.0,145.0,30.0,5.0,1.0,4.0
40.0,494.0,57.0,7.0,1.0,13.0
20.0,47.0,39.0,2.0,1.0,4.0
16.0,567.0,145.0,19.0,2.0,4.0
60.0,32.0,15.0,10.0,1.0,9.0
35.0,145.0,30.0,5.0,1.0,1.0
50.0,26.0,25.0,2.0,1.0,4.0
70.0,14.0,14.0,3.0,0.0,0.0
60.0,12.0,22.0,10.0,1.0,5.0
13.0,2.0,2.0,2.0,1.0,3.0
45.0,568.0,320.0,2.0,1.0,5.0
18.0,106.0,5.0,5.0,1.0,1.0
35.0,44.0,24.0,7.0,1.0,5.0
50.0,208.0,15.0,10.0,0.0,3.0
40.0,56.0,47.0,1.0,1.0,0.0
50.0,11.0,11.0,7.0,1.0,5.0
25.0,9.0,9.0,7.0,1.0,0.0
45.0,41.0,52.0,17.0,0.0,4.0
20.0,265.0,165.0,27.0,0.0,12.0
40.0,569.0,48.0,20.0,0.0,13.0
20.0,570.0,48.0,20.0,1.0,19.0
20.0,125.0,209.0,10.0,1.0,3.0
30.0,5.0,5.0,5.0,1.0,1.0
0.0,121.0,95.0,27.0,0.0,7.0
18.0,44.0,24.0,7.0,1.0,4.0
30.0,21.0,21.0,7.0,1.0,0.0
25.0,40.0,36.0,10.0,1.0,3.0
18.0,18.0,18.0,2.0,1.0,3.0
18.0,463.0,36.0,10.0,0.0,3.0
16.0,19.0,19.0,13.0,1.0,4.0
40.0,319.0,100.0,7.0,1.0,3.0
23.0,5.0,5.0,5.0,1.0,1.0
11.0,493.0,185.0,30.0,2.0,4.0
25.0,157.0,116.0,9.0,1.0,1.0
45.0,85.0,68.0,18.0,1.0,5.0
15.0,280.0,92.0,10.0,0.0,4.0
33.0,571.0,321.0,0.0,0.0,5.0
45.0,9.0,9.0,7.0,1.0,3.0
15.0,5.0,5.0,5.0,1.0,1.0
24.0,78.0,63.0,3.0,1.0,0.0
30.0,177.0,119.0,1.0,1.0,0.0
18.0,93.0,322.0,35.0,1.0,1.0
40.0,11.0,11.0,7.0,0.0,4.0
30.0,149.0,323.0,4.0,1.0,23.0
36.0,56.0,47.0,1.0,1.0,0.0
55.0,37.0,33.0,15.0,1.0,5.0
65.0,32.0,15.0,10.0,1.0,5.0
35.0,21.0,21.0,7.0,1.0,1.0
25.0,66.0,51.0,22.0,1.0,0.0
40.0,44.0,24.0,7.0,1.0,0.0
28.0,37.0,33.0,15.0,1.0,3.0
23.0,71.0,324.0,27.0,1.0,4.0
13.0,572.0,138.0,7.0,2.0,4.0
20.0,402.0,226.0,26.0,1.0,48.0
0.0,573.0,26.0,3.0,1.0,5.0
50.0,17.0,17.0,12.0,1.0,5.0
19.0,19.0,19.0,13.0,1.0,4.0
50.0,18.0,18.0,2.0,1.0,3.0
60.0,76.0,36.0,10.0,1.0,3.0
35.0,37.0,33.0,15.0,1.0,5.0
16.0,17.0,17.0,12.0,1.0,13.0
18.0,68.0,15.0,10.0,1.0,14.0
55.0,32.0,15.0,10.0,1.0,5.0
30.0,150.0,15.0,10.0,1.0,0.0
25.0,186.0,136.0,7.0,1.0,14.0
20.0,200.0,92.0,10.0,2.0,4.0
60.0,127.0,113.0,36.0,0.0,5.0
50.0,224.0,15.0,10.0,1.0,5.0
30.0,11.0,11.0,7.0,1.0,5.0
30.0,18.0,18.0,2.0,1.0,3.0
40.0,140.0,325.0,15.0,1.0,14.0
21.0,103.0,81.0,1.0,2.0,4.0
20.0,14.0,14.0,3.0,1.0,5.0
13.0,66.0,51.0,22.0,1.0,0.0
55.0,260.0,15.0,10.0,1.0,1.0
0.0,424.0,119.0,1.0,1.0,4.0
35.0,19.0,19.0,13.0,0.0,0.0
20.0,145.0,30.0,5.0,1.0,1.0
40.0,101.0,80.0,3.0,1.0,5.0
20.0,492.0,211.0,2.0,1.0,0.0
25.0,152.0,5.0,5.0,0.0,1.0
16.0,47.0,39.0,2.0,1.0,0.0
50.0,21.0,21.0,7.0,1.0,0.0
33.0,59.0,49.0,21.0,1.0,5.0
60.0,44.0,24.0,7.0,1.0,0.0
18.0,19.0,19.0,13.0,1.0,5.0
20.0,92.0,73.0,2.0,1.0,3.0
20.0,40.0,36.0,10.0,1.0,3.0
30.0,11.0,11.0,7.0,1.0,5.0
0.0,41.0,52.0,17.0,1.0,0.0
15.0,5.0,5.0,5.0,1.0,1.0
30.0,305.0,92.0,10.0,2.0,4.0
35.0,66.0,51.0,22.0,1.0,0.0
25.0,574.0,8.0,18.0,1.0,4.0
58.0,575.0,326.0,26.0,1.0,5.0
45.0,130.0,10.0,15.0,1.0,5.0
18.0,576.0,145.0,19.0,2.0,4.0
18.0,577.0,327.0,3.0,1.0,0.0
15.0,24.0,22.0,10.0,0.0,1.0
45.0,554.0,127.0,5.0,1.0,1.0
22.0,283.0,174.0,30.0,1.0,5.0
24.0,37.0,33.0,15.0,0.0,0.0
25.0,170.0,126.0,10.0,1.0,3.0
16.0,45.0,5.0,5.0,1.0,1.0
50.0,406.0,102.0,13.0,1.0,5.0
50.0,2.0,2.0,2.0,1.0,3.0
25.0,25.0,24.0,7.0,0.0,4.0
23.0,106.0,5.0,5.0,1.0,4.0
20.0,82.0,90.0,23.0,1.0,0.0
23.0,46.0,29.0,5.0,0.0,3.0
20.0,17.0,17.0,12.0,1.0,4.0
30.0,578.0,328.0,12.0,1.0,1.0
19.0,377.0,212.0,23.0,1.0,4.0
0.0,329.0,25.0,2.0,2.0,5.0
0.0,579.0,329.0,10.0,0.0,4.0
0.0,307.0,189.0,15.0,0.0,1.0
30.0,44.0,24.0,7.0,1.0,1.0
25.0,21.0,21.0,7.0,1.0,1.0
10.0,19.0,19.0,13.0,1.0,4.0
20.0,40.0,36.0,10.0,1.0,2.0
23.0,234.0,80.0,10.0,1.0,5.0
40.0,66.0,51.0,22.0,1.0,5.0
0.0,146.0,108.0,2.0,0.0,5.0
28.0,2.0,2.0,2.0,1.0,0.0
35.0,2.0,2.0,2.0,1.0,3.0
40.0,65.0,53.0,10.0,1.0,4.0
20.0,580.0,242.0,10.0,1.0,4.0
50.0,172.0,248.0,25.0,1.0,5.0
25.0,284.0,330.0,3.0,1.0,1.0
35.0,33.0,29.0,5.0,1.0,5.0
25.0,37.0,33.0,15.0,0.0,0.0
55.0,581.0,331.0,23.0,0.0,0.0
20.0,11.0,11.0,7.0,1.0,3.0
18.0,41.0,70.0,17.0,1.0,4.0
30.0,500.0,5.0,5.0,1.0,1.0
55.0,32.0,15.0,10.0,0.0,0.0
40.0,40.0,36.0,10.0,1.0,5.0
35.0,21.0,21.0,7.0,1.0,5.0
24.0,582.0,332.0,11.0,0.0,5.0
50.0,21.0,21.0,7.0,1.0,0.0
50.0,32.0,15.0,10.0,1.0,1.0
45.0,232.0,15.0,10.0,0.0,5.0
40.0,329.0,25.0,2.0,1.0,5.0
40.0,21.0,21.0,7.0,1.0,0.0
20.0,352.0,53.0,10.0,1.0,3.0
33.0,145.0,30.0,5.0,1.0,5.0
45.0,558.0,310.0,8.0,1.0,5.0
35.0,37.0,33.0,15.0,1.0,3.0
25.0,44.0,24.0,7.0,1.0,3.0
20.0,418.0,30.0,5.0,1.0,20.0
18.0,201.0,5.0,5.0,1.0,4.0
45.0,66.0,51.0,22.0,1.0,0.0
50.0,44.0,24.0,7.0,1.0,5.0
40.0,238.0,77.0,16.0,1.0,0.0
55.0,44.0,24.0,7.0,1.0,17.0
35.0,44.0,24.0,7.0,1.0,0.0
18.0,583.0,74.0,10.0,0.0,4.0
23.0,200.0,333.0,2.0,1.0,5.0
15.0,90.0,71.0,9.0,0.0,5.0
33.0,584.0,86.0,2.0,1.0,0.0
55.0,35.0,31.0,3.0,1.0,4.0
25.0,44.0,24.0,7.0,0.0,0.0
20.0,157.0,116.0,9.0,0.0,3.0
40.0,263.0,25.0,2.0,1.0,5.0
20.0,78.0,63.0,3.0,1.0,5.0
18.0,317.0,130.0,3.0,1.0,4.0
20.0,46.0,29.0,5.0,1.0,1.0
20.0,330.0,290.0,48.0,1.0,4.0
49.0,71.0,57.0,24.0,1.0,0.0
26.0,352.0,53.0,10.0,1.0,3.0
30.0,159.0,32.0,11.0,1.0,48.0
55.0,32.0,15.0,10.0,1.0,5.0
22.0,284.0,36.0,10.0,1.0,4.0
20.0,302.0,186.0,10.0,0.0,8.0
20.0,13.0,61.0,25.0,0.0,1.0
40.0,44.0,24.0,7.0,0.0,5.0
27.0,218.0,12.0,9.0,0.0,3.0
25.0,21.0,21.0,7.0,0.0,0.0
25.0,44.0,24.0,7.0,1.0,0.0
50.0,17.0,17.0,12.0,1.0,4.0
28.0,2.0,2.0,2.0,0.0,3.0
12.0,535.0,31.0,3.0,1.0,3.0
55.0,286.0,15.0,10.0,0.0,5.0
26.0,12.0,12.0,9.0,0.0,4.0
17.0,248.0,157.0,10.0,1.0,5.0
35.0,585.0,334.0,22.0,1.0,4.0
14.0,401.0,47.0,24.0,2.0,4.0
60.0,21.0,21.0,7.0,1.0,0.0
40.0,92.0,73.0,2.0,1.0,5.0
25.0,586.0,139.0,1.0,1.0,5.0
0.0,492.0,211.0,2.0,1.0,4.0
20.0,75.0,60.0,5.0,1.0,3.0
30.0,587.0,73.0,2.0,1.0,3.0
30.0,26.0,25.0,2.0,0.0,5.0
30.0,41.0,52.0,17.0,1.0,0.0
40.0,11.0,11.0,7.0,1.0,1.0
46.0,27.0,26.0,3.0,1.0,5.0
25.0,95.0,11.0,7.0,1.0,1.0
18.0,34.0,30.0,5.0,0.0,1.0
30.0,44.0,24.0,7.0,0.0,0.0
21.0,85.0,68.0,18.0,1.0,5.0
20.0,40.0,36.0,10.0,1.0,1.0
15.0,59.0,333.0,2.0,1.0,3.0
20.0,18.0,18.0,2.0,1.0,3.0
22.0,588.0,161.0,27.0,1.0,1.0
19.0,26.0,25.0,2.0,1.0,0.0
35.0,85.0,68.0,18.0,0.0,5.0
60.0,19.0,19.0,13.0,1.0,0.0
30.0,589.0,177.0,10.0,1.0,13.0
20.0,105.0,36.0,10.0,0.0,3.0
29.0,78.0,63.0,3.0,1.0,5.0
0.0,21.0,21.0,7.0,0.0,5.0
30.0,76.0,36.0,10.0,1.0,3.0
29.0,451.0,25.0,2.0,1.0,1.0
69.0,475.0,134.0,24.0,0.0,5.0
18.0,63.0,48.0,20.0,0.0,4.0
20.0,66.0,51.0,22.0,1.0,5.0
17.0,71.0,57.0,24.0,0.0,5.0
70.0,542.0,300.0,24.0,0.0,5.0
40.0,45.0,5.0,5.0,1.0,1.0
40.0,32.0,15.0,10.0,1.0,1.0
40.0,21.0,21.0,7.0,1.0,0.0
0.0,105.0,335.0,2.0,0.0,5.0
45.0,41.0,52.0,17.0,1.0,0.0
30.0,32.0,15.0,10.0,1.0,12.0
50.0,44.0,24.0,7.0,1.0,4.0
50.0,37.0,33.0,15.0,1.0,3.0
40.0,205.0,15.0,10.0,1.0,1.0
25.0,590.0,336.0,3.0,1.0,5.0
43.0,591.0,337.0,2.0,1.0,5.0
20.0,466.0,338.0,9.0,1.0,3.0
19.0,323.0,197.0,2.0,1.0,4.0
2.0,592.0,14.0,3.0,2.0,4.0
50.0,44.0,24.0,7.0,1.0,17.0
20.0,32.0,15.0,10.0,1.0,1.0
45.0,2.0,2.0,2.0,1.0,5.0
61.0,162.0,120.0,38.0,1.0,58.0
40.0,593.0,80.0,10.0,1.0,1.0
20.0,44.0,24.0,7.0,1.0,5.0
25.0,19.0,19.0,13.0,1.0,3.0
40.0,156.0,115.0,2.0,1.0,3.0
55.0,497.0,6.0,24.0,1.0,5.0
23.0,419.0,233.0,28.0,1.0,4.0
35.0,66.0,51.0,22.0,0.0,0.0
40.0,37.0,33.0,15.0,1.0,0.0
39.0,594.0,339.0,35.0,1.0,13.0
60.0,57.0,48.0,20.0,0.0,5.0
20.0,14.0,14.0,3.0,1.0,5.0
50.0,19.0,19.0,13.0,1.0,0.0
29.0,56.0,47.0,1.0,1.0,1.0
40.0,66.0,51.0,22.0,1.0,0.0
17.0,14.0,14.0,3.0,0.0,5.0
45.0,37.0,33.0,15.0,1.0,4.0
40.0,187.0,36.0,10.0,1.0,1.0
30.0,291.0,181.0,29.0,1.0,59.0
30.0,9.0,9.0,7.0,1.0,0.0
18.0,238.0,77.0,16.0,1.0,0.0
60.0,379.0,214.0,8.0,2.0,4.0
20.0,9.0,9.0,7.0,1.0,1.0
15.0,49.0,174.0,18.0,2.0,4.0
18.0,21.0,21.0,7.0,1.0,0.0
40.0,66.0,51.0,22.0,1.0,5.0
25.0,32.0,15.0,10.0,1.0,1.0
25.0,89.0,22.0,10.0,1.0,1.0
17.0,595.0,340.0,11.0,0.0,0.0
50.0,17.0,17.0,12.0,1.0,13.0
35.0,17.0,17.0,12.0,1.0,0.0
55.0,405.0,33.0,15.0,1.0,5.0
0.0,344.0,15.0,10.0,1.0,4.0
20.0,12.0,12.0,9.0,1.0,3.0
17.0,101.0,80.0,3.0,1.0,0.0
50.0,13.0,61.0,25.0,1.0,5.0
43.0,32.0,15.0,10.0,0.0,5.0
30.0,45.0,5.0,5.0,1.0,48.0
16.0,44.0,24.0,7.0,1.0,0.0
0.0,380.0,92.0,10.0,1.0,0.0
70.0,22.0,22.0,10.0,1.0,5.0
20.0,44.0,24.0,7.0,1.0,0.0
71.0,114.0,57.0,24.0,1.0,5.0
44.0,54.0,46.0,2.0,1.0,5.0
25.0,223.0,53.0,10.0,1.0,3.0
50.0,14.0,14.0,3.0,1.0,0.0
55.0,21.0,21.0,7.0,1.0,0.0
25.0,342.0,92.0,10.0,1.0,5.0
35.0,596.0,124.0,21.0,0.0,4.0
64.0,597.0,6.0,24.0,1.0,5.0
23.0,46.0,29.0,5.0,1.0,10.0
45.0,44.0,24.0,7.0,1.0,5.0
35.0,44.0,24.0,7.0,1.0,14.0
22.0,152.0,5.0,5.0,0.0,1.0
83.0,243.0,134.0,24.0,1.0,5.0
35.0,201.0,5.0,5.0,1.0,4.0
20.0,276.0,100.0,7.0,0.0,0.0
40.0,43.0,38.0,18.0,1.0,5.0
27.0,32.0,15.0,10.0,1.0,5.0
18.0,46.0,29.0,5.0,0.0,1.0
18.0,598.0,311.0,11.0,1.0,5.0
18.0,418.0,60.0,5.0,1.0,4.0
28.0,37.0,33.0,15.0,1.0,5.0
0.0,33.0,29.0,5.0,1.0,4.0
30.0,32.0,15.0,10.0,1.0,3.0
55.0,44.0,24.0,7.0,1.0,4.0
18.0,586.0,139.0,1.0,1.0,4.0
45.0,66.0,51.0,22.0,1.0,0.0
50.0,244.0,15.0,10.0,1.0,13.0
30.0,19.0,19.0,13.0,1.0,5.0
30.0,150.0,15.0,10.0,2.0,4.0
20.0,457.0,61.0,25.0,1.0,4.0
44.0,47.0,39.0,2.0,1.0,5.0
30.0,26.0,25.0,2.0,1.0,3.0
20.0,2.0,2.0,2.0,1.0,1.0
30.0,37.0,33.0,15.0,1.0,5.0
45.0,9.0,9.0,7.0,1.0,0.0
40.0,13.0,61.0,25.0,1.0,13.0
25.0,44.0,11.0,7.0,1.0,1.0
20.0,11.0,11.0,7.0,1.0,0.0
30.0,13.0,61.0,25.0,1.0,23.0
15.0,499.0,22.0,10.0,1.0,43.0
30.0,37.0,33.0,15.0,1.0,0.0
18.0,457.0,216.0,1.0,1.0,4.0
0.0,41.0,52.0,17.0,1.0,0.0
35.0,526.0,341.0,44.0,1.0,4.0
20.0,0.0,0.0,0.0,0.0,4.0
30.0,283.0,294.0,30.0,1.0,5.0
20.0,109.0,86.0,32.0,1.0,1.0
40.0,47.0,39.0,2.0,1.0,3.0
40.0,37.0,33.0,15.0,1.0,5.0
50.0,95.0,11.0,7.0,1.0,13.0
40.0,37.0,33.0,15.0,1.0,3.0
40.0,506.0,342.0,48.0,0.0,60.0
20.0,0.0,0.0,0.0,0.0,0.0
40.0,599.0,75.0,30.0,1.0,4.0
30.0,26.0,25.0,2.0,1.0,5.0
18.0,140.0,175.0,17.0,1.0,1.0
0.0,600.0,80.0,10.0,1.0,4.0
60.0,17.0,17.0,12.0,0.0,5.0
35.0,25.0,24.0,7.0,1.0,4.0
50.0,2.0,2.0,2.0,1.0,1.0
25.0,37.0,33.0,15.0,0.0,0.0
16.0,601.0,64.0,3.0,1.0,4.0
50.0,21.0,21.0,7.0,1.0,13.0
30.0,13.0,61.0,25.0,1.0,5.0
45.0,110.0,134.0,13.0,1.0,5.0
50.0,21.0,21.0,7.0,1.0,0.0
25.0,22.0,22.0,10.0,1.0,5.0
25.0,52.0,44.0,19.0,0.0,5.0
42.0,266.0,166.0,7.0,0.0,5.0
40.0,4.0,4.0,4.0,1.0,4.0
51.0,57.0,48.0,20.0,1.0,56.0
30.0,59.0,49.0,21.0,1.0,0.0
14.0,238.0,122.0,24.0,1.0,4.0
33.0,602.0,15.0,10.0,1.0,1.0
45.0,339.0,286.0,3.0,1.0,0.0
20.0,76.0,36.0,10.0,1.0,3.0
60.0,603.0,86.0,32.0,0.0,5.0
50.0,44.0,24.0,7.0,1.0,5.0
25.0,354.0,92.0,10.0,1.0,5.0
30.0,32.0,15.0,10.0,1.0,5.0
40.0,21.0,21.0,7.0,1.0,5.0
35.0,50.0,42.0,5.0,1.0,1.0
17.0,2.0,2.0,2.0,1.0,22.0
60.0,32.0,15.0,10.0,1.0,3.0
20.0,145.0,30.0,5.0,1.0,4.0
25.0,361.0,22.0,10.0,1.0,1.0
30.0,284.0,36.0,10.0,1.0,5.0
40.0,14.0,14.0,3.0,0.0,4.0
50.0,35.0,31.0,3.0,1.0,5.0
24.0,140.0,175.0,17.0,1.0,1.0
25.0,76.0,36.0,10.0,1.0,3.0
55.0,21.0,21.0,7.0,1.0,5.0
35.0,21.0,21.0,7.0,1.0,1.0
18.0,604.0,343.0,16.0,1.0,0.0
18.0,76.0,36.0,10.0,1.0,3.0
18.0,18.0,18.0,2.0,1.0,4.0
28.0,605.0,127.0,5.0,1.0,1.0
40.0,9.0,9.0,7.0,1.0,0.0
25.0,45.0,5.0,5.0,0.0,1.0
10.0,85.0,68.0,18.0,2.0,4.0
30.0,36.0,32.0,11.0,0.0,0.0
40.0,44.0,24.0,7.0,1.0,5.0
50.0,282.0,15.0,10.0,1.0,8.0
30.0,5.0,5.0,5.0,1.0,4.0
35.0,37.0,33.0,15.0,1.0,0.0
40.0,208.0,15.0,10.0,1.0,4.0
25.0,13.0,61.0,25.0,1.0,5.0
79.0,606.0,257.0,24.0,1.0,5.0
35.0,21.0,21.0,7.0,1.0,5.0
50.0,32.0,15.0,10.0,1.0,5.0
13.0,115.0,90.0,23.0,1.0,0.0
0.0,322.0,14.0,3.0,0.0,5.0
40.0,9.0,9.0,7.0,1.0,3.0
40.0,44.0,24.0,7.0,1.0,0.0
30.0,2.0,2.0,2.0,0.0,5.0
8.0,282.0,15.0,10.0,1.0,4.0
40.0,171.0,127.0,5.0,1.0,5.0
25.0,607.0,86.0,16.0,1.0,5.0
35.0,238.0,77.0,16.0,1.0,0.0
30.0,35.0,31.0,3.0,1.0,5.0
50.0,200.0,92.0,10.0,1.0,5.0
15.0,17.0,17.0,12.0,0.0,0.0
60.0,241.0,124.0,7.0,0.0,5.0
26.0,283.0,314.0,8.0,0.0,4.0
35.0,65.0,53.0,10.0,1.0,3.0
22.0,257.0,163.0,3.0,0.0,0.0
20.0,13.0,61.0,25.0,0.0,5.0
40.0,490.0,237.0,27.0,1.0,0.0
50.0,22.0,22.0,10.0,1.0,3.0
29.0,40.0,36.0,10.0,1.0,1.0
45.0,2.0,2.0,2.0,1.0,5.0
18.0,40.0,36.0,10.0,1.0,3.0
18.0,48.0,40.0,17.0,1.0,3.0
25.0,40.0,36.0,10.0,1.0,3.0
15.0,19.0,19.0,13.0,1.0,4.0
25.0,14.0,14.0,3.0,1.0,0.0
15.0,111.0,75.0,30.0,1.0,1.0
30.0,512.0,15.0,10.0,1.0,5.0
28.0,66.0,51.0,22.0,1.0,0.0
45.0,17.0,17.0,12.0,0.0,0.0
20.0,252.0,160.0,9.0,1.0,5.0
0.0,420.0,82.0,0.0,1.0,5.0
18.0,19.0,19.0,13.0,1.0,4.0
50.0,66.0,51.0,22.0,0.0,5.0
1.0,26.0,25.0,2.0,1.0,4.0
40.0,32.0,15.0,10.0,1.0,1.0
30.0,32.0,15.0,10.0,2.0,1.0
30.0,37.0,33.0,15.0,1.0,5.0
40.0,10.0,10.0,8.0,1.0,0.0
26.0,50.0,42.0,5.0,0.0,1.0
0.0,27.0,26.0,3.0,1.0,4.0
17.0,114.0,57.0,24.0,1.0,0.0
45.0,22.0,22.0,10.0,1.0,5.0
40.0,14.0,14.0,3.0,1.0,4.0
60.0,14.0,14.0,3.0,1.0,5.0
56.0,19.0,19.0,13.0,0.0,0.0
30.0,238.0,77.0,16.0,0.0,0.0
30.0,11.0,11.0,7.0,0.0,3.0
25.0,186.0,136.0,7.0,1.0,0.0
18.0,608.0,128.0,7.0,1.0,4.0
50.0,54.0,46.0,2.0,1.0,5.0
20.0,33.0,29.0,5.0,1.0,3.0
30.0,442.0,234.0,2.0,1.0,4.0
20.0,609.0,86.0,44.0,1.0,4.0
46.0,78.0,63.0,3.0,0.0,5.0
20.0,36.0,32.0,11.0,1.0,0.0
35.0,224.0,2.0,2.0,1.0,5.0
25.0,610.0,133.0,10.0,1.0,5.0
45.0,13.0,61.0,25.0,1.0,5.0
60.0,148.0,110.0,10.0,1.0,13.0
35.0,44.0,24.0,7.0,1.0,0.0
28.0,611.0,5.0,5.0,0.0,1.0
18.0,18.0,18.0,2.0,1.0,3.0
35.0,186.0,136.0,7.0,1.0,1.0
35.0,47.0,39.0,2.0,1.0,4.0
21.0,394.0,26.0,3.0,1.0,5.0
40.0,241.0,124.0,7.0,1.0,4.0
40.0,47.0,39.0,2.0,1.0,4.0
40.0,285.0,177.0,10.0,0.0,5.0
18.0,612.0,344.0,27.0,1.0,4.0
45.0,571.0,259.0,23.0,1.0,4.0
60.0,44.0,24.0,7.0,1.0,0.0
30.0,145.0,30.0,5.0,1.0,1.0
35.0,2.0,2.0,2.0,1.0,5.0
30.0,11.0,11.0,7.0,1.0,13.0
40.0,148.0,110.0,10.0,1.0,0.0
20.0,44.0,24.0,7.0,1.0,4.0
19.0,613.0,179.0,18.0,0.0,4.0
40.0,283.0,174.0,30.0,1.0,4.0
40.0,11.0,11.0,7.0,1.0,13.0
16.0,424.0,119.0,1.0,0.0,0.0
50.0,22.0,22.0,10.0,1.0,22.0
35.0,44.0,24.0,7.0,1.0,4.0
0.0,614.0,345.0,2.0,1.0,4.0
60.0,615.0,346.0,3.0,1.0,5.0
18.0,183.0,102.0,13.0,1.0,0.0
18.0,45.0,5.0,5.0,1.0,4.0
45.0,44.0,24.0,7.0,0.0,13.0
24.0,103.0,81.0,1.0,1.0,5.0
28.0,45.0,5.0,5.0,1.0,1.0
60.0,44.0,24.0,7.0,0.0,1.0
30.0,37.0,33.0,15.0,1.0,5.0
45.0,56.0,47.0,1.0,0.0,0.0
45.0,33.0,29.0,5.0,0.0,5.0
30.0,11.0,11.0,7.0,1.0,31.0
50.0,37.0,33.0,15.0,1.0,3.0
18.0,76.0,36.0,10.0,1.0,3.0
30.0,339.0,15.0,10.0,2.0,4.0
55.0,44.0,24.0,7.0,1.0,5.0
27.0,46.0,29.0,5.0,1.0,3.0
30.0,21.0,21.0,7.0,0.0,0.0
40.0,148.0,110.0,10.0,1.0,5.0
20.0,44.0,24.0,7.0,0.0,5.0
50.0,21.0,21.0,7.0,1.0,0.0
35.0,37.0,33.0,15.0,0.0,0.0
30.0,21.0,21.0,7.0,1.0,1.0
18.0,76.0,36.0,10.0,1.0,3.0
43.0,2.0,2.0,2.0,0.0,5.0
21.0,344.0,15.0,10.0,1.0,4.0
28.0,238.0,77.0,16.0,0.0,0.0
24.0,616.0,119.0,1.0,0.0,5.0
20.0,617.0,347.0,2.0,1.0,1.0
25.0,40.0,36.0,10.0,1.0,3.0
35.0,241.0,124.0,7.0,1.0,0.0
50.0,216.0,150.0,10.0,1.0,1.0
18.0,562.0,52.0,17.0,2.0,4.0
60.0,37.0,33.0,15.0,1.0,4.0
35.0,33.0,29.0,5.0,1.0,1.0
26.0,618.0,126.0,10.0,1.0,4.0
35.0,135.0,348.0,2.0,1.0,1.0
30.0,82.0,57.0,7.0,1.0,5.0
1.0,482.0,15.0,10.0,0.0,4.0
25.0,619.0,177.0,10.0,0.0,4.0
40.0,620.0,349.0,50.0,1.0,5.0
20.0,9.0,9.0,7.0,1.0,0.0
45.0,60.0,50.0,16.0,1.0,0.0
25.0,21.0,21.0,7.0,1.0,0.0
0.0,26.0,25.0,2.0,1.0,5.0
18.0,19.0,19.0,13.0,1.0,0.0
25.0,40.0,36.0,10.0,1.0,3.0
20.0,2.0,2.0,2.0,1.0,4.0
35.0,37.0,33.0,15.0,1.0,0.0
20.0,302.0,186.0,10.0,1.0,33.0
35.0,17.0,17.0,12.0,1.0,0.0
30.0,124.0,43.0,10.0,1.0,5.0
40.0,101.0,80.0,3.0,1.0,5.0
30.0,148.0,110.0,10.0,1.0,5.0
40.0,44.0,24.0,7.0,1.0,5.0
15.0,2.0,2.0,2.0,0.0,4.0
28.0,45.0,5.0,5.0,1.0,4.0
20.0,21.0,21.0,7.0,1.0,0.0
25.0,63.0,5.0,5.0,1.0,1.0
30.0,36.0,32.0,11.0,0.0,0.0
35.0,14.0,244.0,26.0,0.0,1.0
0.0,89.0,22.0,10.0,1.0,1.0
40.0,26.0,25.0,2.0,1.0,5.0
20.0,591.0,337.0,2.0,1.0,3.0
50.0,11.0,11.0,7.0,0.0,0.0
20.0,21.0,21.0,7.0,1.0,4.0
20.0,76.0,36.0,10.0,1.0,3.0
20.0,17.0,17.0,12.0,0.0,0.0
55.0,44.0,24.0,7.0,0.0,0.0
16.0,22.0,22.0,10.0,1.0,1.0
60.0,621.0,350.0,0.0,1.0,5.0
60.0,162.0,120.0,38.0,1.0,13.0
23.0,319.0,100.0,7.0,1.0,4.0
35.0,622.0,33.0,15.0,0.0,0.0
35.0,44.0,24.0,7.0,1.0,0.0
30.0,532.0,351.0,44.0,1.0,1.0
25.0,9.0,9.0,7.0,0.0,0.0
25.0,212.0,57.0,24.0,0.0,10.0
18.0,21.0,21.0,7.0,1.0,1.0
0.0,492.0,211.0,2.0,1.0,5.0
25.0,223.0,11.0,7.0,1.0,1.0
18.0,26.0,25.0,2.0,1.0,5.0
18.0,623.0,352.0,26.0,0.0,4.0
23.0,263.0,15.0,10.0,1.0,4.0
30.0,23.0,84.0,10.0,1.0,0.0
40.0,11.0,11.0,7.0,1.0,1.0
50.0,257.0,163.0,3.0,1.0,0.0
25.0,301.0,191.0,7.0,1.0,4.0
50.0,44.0,24.0,7.0,1.0,5.0
35.0,32.0,15.0,10.0,0.0,5.0
65.0,223.0,53.0,10.0,1.0,5.0
0.0,148.0,110.0,10.0,1.0,4.0
70.0,36.0,32.0,11.0,1.0,5.0
18.0,21.0,21.0,7.0,1.0,0.0
50.0,26.0,25.0,2.0,1.0,5.0
30.0,604.0,171.0,10.0,1.0,5.0
40.0,624.0,353.0,27.0,1.0,0.0
20.0,21.0,21.0,7.0,1.0,0.0
20.0,26.0,25.0,2.0,1.0,3.0
25.0,32.0,15.0,10.0,1.0,0.0
40.0,17.0,17.0,12.0,1.0,0.0
35.0,19.0,19.0,13.0,1.0,0.0
40.0,37.0,33.0,15.0,1.0,0.0
33.0,32.0,15.0,10.0,1.0,1.0
18.0,76.0,36.0,10.0,1.0,3.0
19.0,19.0,19.0,13.0,0.0,5.0
25.0,625.0,354.0,27.0,0.0,5.0
40.0,21.0,21.0,7.0,1.0,1.0
40.0,1.0,1.0,1.0,1.0,5.0
30.0,45.0,5.0,5.0,1.0,3.0
30.0,11.0,11.0,7.0,1.0,5.0
45.0,2.0,2.0,2.0,1.0,5.0
40.0,397.0,328.0,12.0,0.0,5.0
45.0,182.0,105.0,44.0,1.0,5.0
0.0,582.0,332.0,11.0,1.0,4.0
16.0,11.0,11.0,7.0,0.0,0.0
55.0,44.0,24.0,7.0,1.0,5.0
18.0,109.0,86.0,32.0,1.0,0.0
30.0,50.0,42.0,5.0,1.0,1.0
10.0,14.0,14.0,3.0,1.0,5.0
25.0,626.0,243.0,27.0,0.0,0.0
40.0,10.0,10.0,8.0,1.0,0.0
25.0,284.0,36.0,10.0,1.0,1.0
30.0,37.0,33.0,15.0,1.0,5.0
35.0,10.0,10.0,8.0,1.0,5.0
25.0,44.0,24.0,7.0,1.0,0.0
0.0,258.0,136.0,27.0,0.0,4.0
20.0,224.0,2.0,2.0,1.0,3.0
30.0,66.0,51.0,22.0,1.0,0.0
30.0,627.0,355.0,39.0,1.0,3.0
20.0,9.0,9.0,7.0,1.0,1.0
14.0,26.0,25.0,2.0,2.0,4.0
30.0,469.0,67.0,13.0,1.0,4.0
20.0,16.0,16.0,11.0,1.0,3.0
50.0,21.0,21.0,7.0,1.0,5.0
40.0,21.0,21.0,7.0,1.0,0.0
25.0,143.0,29.0,5.0,1.0,3.0
0.0,176.0,130.0,33.0,1.0,10.0
29.0,5.0,5.0,5.0,1.0,1.0
55.0,162.0,120.0,38.0,1.0,5.0
30.0,356.0,30.0,5.0,1.0,4.0
20.0,11.0,11.0,7.0,1.0,4.0
25.0,442.0,234.0,2.0,1.0,1.0
1.0,167.0,15.0,10.0,0.0,5.0
30.0,127.0,113.0,36.0,1.0,1.0
20.0,266.0,166.0,7.0,1.0,5.0
35.0,628.0,234.0,32.0,1.0,5.0
0.0,158.0,117.0,3.0,0.0,0.0
0.0,41.0,52.0,17.0,1.0,5.0
15.0,5.0,5.0,5.0,1.0,4.0
21.0,14.0,14.0,3.0,1.0,0.0
30.0,2.0,2.0,2.0,1.0,3.0
18.0,63.0,5.0,5.0,1.0,1.0
30.0,66.0,51.0,22.0,1.0,5.0
40.0,277.0,356.0,0.0,1.0,0.0
40.0,37.0,33.0,15.0,1.0,4.0
30.0,19.0,19.0,13.0,1.0,0.0
19.0,115.0,90.0,23.0,1.0,4.0
50.0,370.0,29.0,5.0,1.0,5.0
35.0,196.0,207.0,21.0,0.0,5.0
0.0,293.0,329.0,10.0,1.0,5.0
40.0,32.0,15.0,10.0,1.0,1.0
60.0,125.0,82.0,25.0,0.0,10.0
40.0,144.0,216.0,1.0,1.0,5.0
28.0,380.0,5.0,5.0,1.0,1.0
45.0,13.0,61.0,25.0,1.0,5.0
40.0,148.0,110.0,10.0,0.0,5.0
30.0,201.0,5.0,5.0,1.0,1.0
21.0,421.0,153.0,0.0,1.0,5.0
30.0,224.0,2.0,2.0,1.0,22.0
50.0,66.0,51.0,22.0,1.0,0.0
50.0,19.0,19.0,13.0,1.0,0.0
50.0,35.0,31.0,3.0,1.0,5.0
30.0,17.0,17.0,12.0,1.0,13.0
19.0,184.0,102.0,13.0,1.0,1.0
20.0,40.0,36.0,10.0,1.0,5.0
49.0,71.0,57.0,24.0,1.0,0.0
54.0,281.0,173.0,5.0,1.0,5.0
45.0,410.0,195.0,20.0,1.0,43.0
18.0,18.0,18.0,2.0,1.0,3.0
1.0,32.0,15.0,10.0,0.0,4.0
15.0,5.0,5.0,5.0,1.0,1.0
20.0,11.0,11.0,7.0,0.0,5.0
0.0,402.0,226.0,26.0,2.0,4.0
30.0,44.0,24.0,7.0,0.0,0.0
30.0,201.0,5.0,5.0,1.0,1.0
35.0,32.0,15.0,10.0,1.0,0.0
30.0,11.0,11.0,7.0,1.0,1.0
45.0,75.0,60.0,5.0,1.0,5.0
20.0,109.0,86.0,32.0,1.0,4.0
35.0,21.0,21.0,7.0,1.0,4.0
54.0,629.0,357.0,0.0,0.0,5.0
66.0,71.0,57.0,24.0,1.0,5.0
15.0,45.0,5.0,5.0,1.0,1.0
65.0,56.0,47.0,1.0,1.0,5.0
20.0,43.0,38.0,18.0,0.0,11.0
60.0,37.0,33.0,15.0,1.0,5.0
17.0,321.0,29.0,5.0,1.0,5.0
40.0,5.0,5.0,5.0,1.0,1.0
16.0,21.0,49.0,21.0,1.0,5.0
18.0,352.0,53.0,10.0,1.0,22.0
20.0,291.0,181.0,29.0,1.0,3.0
30.0,21.0,21.0,7.0,1.0,5.0
30.0,66.0,51.0,22.0,1.0,5.0
21.0,46.0,29.0,5.0,1.0,1.0
45.0,66.0,51.0,22.0,1.0,0.0
25.0,44.0,24.0,7.0,1.0,0.0
18.0,235.0,154.0,0.0,2.0,4.0
20.0,92.0,73.0,2.0,1.0,5.0
20.0,295.0,205.0,33.0,1.0,0.0
50.0,22.0,22.0,10.0,1.0,5.0
30.0,26.0,25.0,2.0,1.0,13.0
50.0,156.0,115.0,2.0,1.0,5.0
19.0,46.0,29.0,5.0,1.0,3.0
50.0,212.0,134.0,24.0,1.0,3.0
0.0,533.0,285.0,10.0,0.0,8.0
20.0,40.0,36.0,10.0,1.0,1.0
30.0,568.0,22.0,10.0,1.0,1.0
18.0,570.0,48.0,20.0,1.0,4.0
50.0,22.0,22.0,10.0,1.0,0.0
40.0,184.0,358.0,32.0,0.0,0.0
20.0,202.0,138.0,3.0,1.0,1.0
20.0,36.0,32.0,11.0,1.0,3.0
25.0,2.0,2.0,2.0,0.0,0.0
18.0,630.0,234.0,13.0,2.0,4.0
40.0,95.0,11.0,7.0,1.0,13.0
38.0,631.0,359.0,38.0,1.0,5.0
35.0,35.0,31.0,3.0,1.0,3.0
45.0,21.0,21.0,7.0,0.0,0.0
25.0,46.0,29.0,5.0,1.0,4.0
18.0,45.0,5.0,5.0,0.0,4.0
50.0,266.0,166.0,7.0,1.0,5.0
25.0,9.0,9.0,7.0,1.0,1.0
20.0,76.0,36.0,10.0,1.0,3.0
30.0,14.0,14.0,3.0,1.0,1.0
23.0,557.0,47.0,24.0,1.0,4.0
55.0,462.0,15.0,10.0,1.0,3.0
17.0,11.0,11.0,7.0,1.0,0.0
40.0,44.0,24.0,7.0,1.0,13.0
30.0,33.0,29.0,5.0,1.0,5.0
50.0,127.0,113.0,36.0,1.0,4.0
19.0,207.0,143.0,12.0,1.0,5.0
30.0,17.0,17.0,12.0,1.0,5.0
30.0,384.0,219.0,45.0,1.0,5.0
67.0,32.0,15.0,10.0,1.0,5.0
30.0,45.0,5.0,5.0,1.0,1.0
20.0,88.0,61.0,25.0,1.0,5.0
75.0,127.0,113.0,36.0,1.0,0.0
70.0,22.0,22.0,10.0,1.0,5.0
19.0,34.0,30.0,5.0,1.0,1.0
50.0,9.0,9.0,7.0,1.0,43.0
25.0,284.0,316.0,30.0,0.0,0.0
20.0,40.0,36.0,10.0,1.0,3.0
20.0,2.0,2.0,2.0,1.0,5.0
30.0,11.0,11.0,7.0,1.0,3.0
60.0,21.0,21.0,7.0,1.0,17.0
30.0,32.0,15.0,10.0,0.0,5.0
35.0,44.0,24.0,7.0,1.0,0.0
25.0,50.0,42.0,5.0,1.0,4.0
